game_id,game_date,season_year,team_abbreviation_home,team_abbreviation_away,team_id_home,team_id_away,pts_home,pts_away,home_win
0022500001,2025-10-21,2025,POR,DET,1610612761,1610612745,101.2,106.0,0
0022500002,2025-10-21,2025,WAS,BOS,1610612766,1610612738,128.6,107.3,1
0022500003,2025-10-21,2025,ATL,MIN,1610612737,1610612754,131.4,122.9,1
0022500004,2025-10-21,2025,LAC,ORL,1610612749,1610612758,109.3,113.8,0
0022500005,2025-10-21,2025,OKC,SAC,1610612757,1610612762,124.7,113.4,1
0022500006,2025-10-21,2025,SAS,HOU,1610612763,1610612747,126.4,108.5,1
0022500007,2025-10-21,2025,UTA,BKN,1610612765,1610612739,120.0,113.3,1
0022500008,2025-10-21,2025,DAL,CHA,1610612743,1610612740,138.9,112.8,1
0022500009,2025-10-21,2025,MIA,PHI,1610612752,1610612759,136.0,95.6,1
0022500010,2025-10-21,2025,MIL,CLE,1610612753,1610612742,111.2,130.3,0
0022500011,2025-10-22,2025,OKC,BOS,1610612757,1610612738,115.8,112.6,1
0022500012,2025-10-22,2025,SAC,LAL,1610612762,1610612750,105.5,112.1,0
0022500013,2025-10-22,2025,SAS,BKN,1610612763,1610612739,100.5,101.7,0
0022500014,2025-10-22,2025,DET,ATL,1610612745,1610612737,100.1,112.4,0
0022500015,2025-10-22,2025,POR,MEM,1610612761,1610612751,122.1,119.8,1
0022500016,2025-10-22,2025,CHI,PHI,1610612741,1610612759,114.1,108.6,1
0022500017,2025-10-23,2025,CHA,LAL,1610612740,1610612750,125.0,99.4,1
0022500018,2025-10-23,2025,TOR,DET,1610612764,1610612745,109.1,116.9,0
0022500019,2025-10-23,2025,PHI,POR,1610612759,1610612761,122.8,125.0,0
0022500020,2025-10-23,2025,WAS,GSW,1610612766,1610612746,101.8,114.0,0
0022500021,2025-10-23,2025,MIN,BOS,1610612754,1610612738,108.3,96.5,1
0022500022,2025-10-24,2025,OKC,PHI,1610612757,1610612759,118.4,102.2,1
0022500023,2025-10-24,2025,PHX,TOR,1610612760,1610612764,103.3,110.2,0
0022500024,2025-10-24,2025,BOS,MIA,1610612738,1610612752,92.6,130.2,0
0022500025,2025-10-24,2025,MEM,ORL,1610612751,1610612758,107.7,96.1,1
0022500026,2025-10-24,2025,MIN,CHA,1610612754,1610612740,121.8,118.3,1
0022500027,2025-10-24,2025,LAL,DAL,1610612750,1610612743,131.9,137.4,0
0022500028,2025-10-24,2025,WAS,CLE,1610612766,1610612742,117.5,112.2,1
0022500029,2025-10-24,2025,LAC,CHI,1610612749,1610612741,126.9,125.5,1
0022500030,2025-10-24,2025,ATL,POR,1610612737,1610612761,110.9,111.8,0
0022500031,2025-10-24,2025,NYK,SAS,1610612756,1610612763,120.7,116.7,1
0022500032,2025-10-24,2025,NOP,MIL,1610612755,1610612753,120.9,123.2,0
0022500033,2025-10-25,2025,CHI,HOU,1610612741,1610612747,103.2,105.0,0
0022500034,2025-10-25,2025,LAL,MIN,1610612750,1610612754,135.1,103.2,1
0022500035,2025-10-25,2025,OKC,GSW,1610612757,1610612746,118.0,108.4,1
0022500036,2025-10-25,2025,MIA,NYK,1610612752,1610612756,126.2,111.6,1
0022500037,2025-10-25,2025,DET,CHA,1610612745,1610612740,107.1,119.8,0
0022500038,2025-10-25,2025,POR,PHX,1610612761,1610612760,110.9,115.6,0
0022500039,2025-10-25,2025,CLE,DAL,1610612742,1610612743,105.2,110.9,0
0022500040,2025-10-25,2025,WAS,BKN,1610612766,1610612739,110.8,97.1,1
0022500041,2025-10-25,2025,SAS,IND,1610612763,1610612748,111.9,91.0,1
0022500042,2025-10-26,2025,TOR,DET,1610612764,1610612745,104.3,97.9,1
0022500043,2025-10-26,2025,LAC,UTA,1610612749,1610612765,99.4,110.9,0
0022500044,2025-10-26,2025,MIA,SAS,1610612752,1610612763,114.5,125.5,0
0022500045,2025-10-26,2025,DEN,NOP,1610612744,1610612755,107.9,95.2,1
0022500046,2025-10-26,2025,BKN,NYK,1610612739,1610612756,110.6,118.7,0
0022500047,2025-10-26,2025,BOS,CLE,1610612738,1610612742,127.7,108.6,1
0022500048,2025-10-26,2025,WAS,IND,1610612766,1610612748,107.8,117.8,0
0022500049,2025-10-26,2025,ORL,MEM,1610612758,1610612751,128.3,101.4,1
0022500050,2025-10-26,2025,POR,HOU,1610612761,1610612747,126.9,122.4,1
0022500051,2025-10-27,2025,POR,DAL,1610612761,1610612743,104.3,113.9,0
0022500052,2025-10-27,2025,LAC,SAS,1610612749,1610612763,93.1,108.5,0
0022500053,2025-10-27,2025,PHX,MIN,1610612760,1610612754,109.7,97.7,1
0022500054,2025-10-27,2025,NYK,LAL,1610612756,1610612750,110.2,98.1,1
0022500055,2025-10-27,2025,DET,ORL,1610612745,1610612758,114.8,98.4,1
0022500056,2025-10-27,2025,GSW,MIL,1610612746,1610612753,111.0,115.6,0
0022500057,2025-10-27,2025,CLE,NOP,1610612742,1610612755,124.5,121.7,1
0022500058,2025-10-27,2025,ATL,MIA,1610612737,1610612752,115.4,98.6,1
0022500059,2025-10-27,2025,BOS,IND,1610612738,1610612748,131.2,112.8,1
0022500060,2025-10-28,2025,BKN,LAL,1610612739,1610612750,125.4,113.4,1
0022500061,2025-10-28,2025,NOP,CHA,1610612755,1610612740,100.2,105.2,0
0022500062,2025-10-28,2025,IND,CLE,1610612748,1610612742,128.2,110.8,1
0022500063,2025-10-28,2025,PHI,SAC,1610612759,1610612762,119.7,123.8,0
0022500064,2025-10-28,2025,CHI,UTA,1610612741,1610612765,124.8,105.6,1
0022500065,2025-10-28,2025,HOU,POR,1610612747,1610612761,123.6,110.4,1
0022500066,2025-10-28,2025,BOS,DAL,1610612738,1610612743,108.1,118.9,0
0022500067,2025-10-28,2025,MIN,DEN,1610612754,1610612744,109.1,121.6,0
0022500068,2025-10-28,2025,ATL,WAS,1610612737,1610612766,122.3,96.5,1
0022500069,2025-10-28,2025,MEM,MIL,1610612751,1610612753,114.6,112.0,1
0022500070,2025-10-28,2025,DET,GSW,1610612745,1610612746,104.0,100.3,1
0022500071,2025-10-29,2025,CLE,NYK,1610612742,1610612756,112.4,108.7,1
0022500072,2025-10-29,2025,SAC,UTA,1610612762,1610612765,117.0,119.5,0
0022500073,2025-10-29,2025,OKC,LAL,1610612757,1610612750,114.8,121.2,0
0022500074,2025-10-29,2025,MIL,POR,1610612753,1610612761,126.3,100.2,1
0022500075,2025-10-29,2025,ORL,MEM,1610612758,1610612751,123.8,91.7,1
0022500076,2025-10-30,2025,DAL,DET,1610612743,1610612745,94.0,105.8,0
0022500077,2025-10-30,2025,LAL,MIL,1610612750,1610612753,123.7,108.0,1
0022500078,2025-10-30,2025,SAC,BKN,1610612762,1610612739,97.2,109.8,0
0022500079,2025-10-30,2025,IND,POR,1610612748,1610612761,108.7,107.9,1
0022500080,2025-10-30,2025,SAS,TOR,1610612763,1610612764,125.9,97.0,1
0022500081,2025-10-30,2025,OKC,PHI,1610612757,1610612759,104.2,103.5,1
0022500082,2025-10-30,2025,ATL,DEN,1610612737,1610612744,127.1,108.2,1
0022500083,2025-10-30,2025,NOP,UTA,1610612755,1610612765,128.2,119.5,1
0022500084,2025-10-30,2025,NYK,MIN,1610612756,1610612754,96.7,102.1,0
0022500085,2025-10-30,2025,CHI,LAC,1610612741,1610612749,129.5,121.7,1
0022500086,2025-10-30,2025,CLE,ORL,1610612742,1610612758,119.1,118.4,1
0022500087,2025-10-31,2025,NOP,BOS,1610612755,1610612738,98.1,111.2,0
0022500088,2025-10-31,2025,LAC,IND,1610612749,1610612748,131.4,100.5,1
0022500089,2025-10-31,2025,BKN,POR,1610612739,1610612761,106.1,96.4,1
0022500090,2025-10-31,2025,SAS,TOR,1610612763,1610612764,121.9,111.2,1
0022500091,2025-10-31,2025,MIA,UTA,1610612752,1610612765,115.9,123.1,0
0022500092,2025-10-31,2025,GSW,ORL,1610612746,1610612758,131.2,106.2,1
0022500093,2025-11-01,2025,WAS,DET,1610612766,1610612745,115.6,112.6,1
0022500094,2025-11-01,2025,BOS,OKC,1610612738,1610612757,113.3,115.3,0
0022500095,2025-11-01,2025,MEM,PHI,1610612751,1610612759,94.8,111.8,0
0022500096,2025-11-01,2025,GSW,PHX,1610612746,1610612760,120.7,133.1,0
0022500097,2025-11-01,2025,CHI,SAC,1610612741,1610612762,114.7,102.2,1
0022500098,2025-11-01,2025,LAC,CLE,1610612749,1610612742,117.4,109.6,1
0022500099,2025-11-02,2025,GSW,MIL,1610612746,1610612753,118.2,122.4,0
0022500100,2025-11-02,2025,WAS,NOP,1610612766,1610612755,95.8,110.5,0
0022500101,2025-11-02,2025,IND,ORL,1610612748,1610612758,119.6,117.9,1
0022500102,2025-11-02,2025,MIN,NYK,1610612754,1610612756,113.6,109.1,1
0022500103,2025-11-03,2025,SAS,ORL,1610612763,1610612758,115.8,120.1,0
0022500104,2025-11-03,2025,BOS,CHA,1610612738,1610612740,110.2,119.1,0
0022500105,2025-11-03,2025,MEM,HOU,1610612751,1610612747,111.5,112.6,0
0022500106,2025-11-03,2025,LAL,MIL,1610612750,1610612753,103.1,102.9,1
0022500107,2025-11-03,2025,PHX,GSW,1610612760,1610612746,107.8,108.1,0
0022500108,2025-11-03,2025,TOR,IND,1610612764,1610612748,120.6,100.6,1
0022500109,2025-11-03,2025,SAC,DET,1610612762,1610612745,124.8,123.3,1
0022500110,2025-11-03,2025,BKN,ATL,1610612739,1610612737,127.3,106.9,1
0022500111,2025-11-03,2025,WAS,MIA,1610612766,1610612752,116.1,93.2,1
0022500112,2025-11-03,2025,CLE,MIN,1610612742,1610612754,127.9,103.6,1
0022500113,2025-11-04,2025,UTA,IND,1610612765,1610612748,108.3,128.6,0
0022500114,2025-11-04,2025,DET,NYK,1610612745,1610612756,123.8,95.0,1
0022500115,2025-11-04,2025,CLE,ORL,1610612742,1610612758,121.6,108.9,1
0022500116,2025-11-04,2025,GSW,BOS,1610612746,1610612738,108.5,111.8,0
0022500117,2025-11-04,2025,DAL,LAL,1610612743,1610612750,104.0,112.6,0
0022500118,2025-11-04,2025,BKN,CHI,1610612739,1610612741,111.3,94.0,1
0022500119,2025-11-04,2025,MEM,NOP,1610612751,1610612755,122.4,123.0,0
0022500120,2025-11-04,2025,SAS,TOR,1610612763,1610612764,84.1,98.2,0
0022500121,2025-11-05,2025,LAL,DEN,1610612750,1610612744,111.9,105.2,1
0022500122,2025-11-05,2025,BKN,MEM,1610612739,1610612751,110.7,111.9,0
0022500123,2025-11-05,2025,SAS,IND,1610612763,1610612748,95.1,114.9,0
0022500124,2025-11-05,2025,DAL,MIN,1610612743,1610612754,95.0,105.2,0
0022500125,2025-11-05,2025,POR,WAS,1610612761,1610612766,121.6,132.4,0
0022500126,2025-11-05,2025,CHA,HOU,1610612740,1610612747,103.9,111.4,0
0022500127,2025-11-05,2025,ATL,NYK,1610612737,1610612756,120.8,111.4,1
0022500128,2025-11-05,2025,OKC,PHX,1610612757,1610612760,120.1,103.6,1
0022500129,2025-11-06,2025,UTA,CLE,1610612765,1610612742,126.2,124.2,1
0022500130,2025-11-06,2025,MEM,LAC,1610612751,1610612749,107.8,108.1,0
0022500131,2025-11-06,2025,PHI,SAC,1610612759,1610612762,136.1,112.1,1
0022500132,2025-11-06,2025,BKN,HOU,1610612739,1610612747,107.6,124.1,0
0022500133,2025-11-06,2025,MIN,CHA,1610612754,1610612740,116.2,109.8,1
0022500134,2025-11-06,2025,MIA,ATL,1610612752,1610612737,108.0,109.6,0
0022500135,2025-11-06,2025,DET,MIL,1610612745,1610612753,112.4,108.4,1
0022500136,2025-11-06,2025,DEN,ORL,1610612744,1610612758,118.2,110.6,1
0022500137,2025-11-06,2025,SAS,PHX,1610612763,1610612760,100.2,118.7,0
0022500138,2025-11-07,2025,HOU,MIN,1610612747,1610612754,114.4,109.1,1
0022500139,2025-11-07,2025,ORL,POR,1610612758,1610612761,96.8,121.3,0
0022500140,2025-11-07,2025,DEN,NOP,1610612744,1610612755,93.7,110.0,0
0022500141,2025-11-07,2025,UTA,DET,1610612765,1610612745,100.3,109.8,0
0022500142,2025-11-07,2025,BOS,PHI,1610612738,1610612759,102.9,114.4,0
0022500143,2025-11-07,2025,MEM,TOR,1610612751,1610612764,123.9,101.4,1
0022500144,2025-11-07,2025,IND,MIA,1610612748,1610612752,93.6,116.8,0
0022500145,2025-11-07,2025,OKC,CHA,1610612757,1610612740,107.3,127.8,0
0022500146,2025-11-07,2025,MIL,LAC,1610612753,1610612749,131.8,103.6,1
0022500147,2025-11-07,2025,DAL,SAC,1610612743,1610612762,105.1,104.6,1
0022500148,2025-11-08,2025,BOS,PHX,1610612738,1610612760,109.0,123.4,0
0022500149,2025-11-08,2025,GSW,PHI,1610612746,1610612759,119.6,87.4,1
0022500150,2025-11-08,2025,ORL,POR,1610612758,1610612761,125.7,91.1,1
0022500151,2025-11-08,2025,TOR,SAC,1610612764,1610612762,126.5,108.4,1
0022500152,2025-11-09,2025,DEN,LAC,1610612744,1610612749,124.0,88.3,1
0022500153,2025-11-09,2025,CLE,HOU,1610612742,1610612747,130.7,108.2,1
0022500154,2025-11-09,2025,BKN,NOP,1610612739,1610612755,108.4,112.2,0
0022500155,2025-11-09,2025,CHI,LAL,1610612741,1610612750,119.0,108.5,1
0022500156,2025-11-10,2025,DAL,PHI,1610612743,1610612759,98.3,112.6,0
0022500157,2025-11-10,2025,LAL,CHI,1610612750,1610612741,122.2,110.1,1
0022500158,2025-11-10,2025,DEN,CLE,1610612744,1610612742,109.5,115.0,0
0022500159,2025-11-10,2025,CHA,MIL,1610612740,1610612753,119.7,103.8,1
0022500160,2025-11-10,2025,MIA,NOP,1610612752,1610612755,112.9,102.1,1
0022500161,2025-11-10,2025,DET,POR,1610612745,1610612761,94.8,111.8,0
0022500162,2025-11-11,2025,GSW,NYK,1610612746,1610612756,112.2,89.6,1
0022500163,2025-11-11,2025,DET,PHX,1610612745,1610612760,124.1,105.7,1
0022500164,2025-11-11,2025,BKN,MIN,1610612739,1610612754,115.2,114.1,1
0022500165,2025-11-11,2025,MEM,PHI,1610612751,1610612759,109.0,105.5,1
0022500166,2025-11-11,2025,SAS,CHI,1610612763,1610612741,133.8,108.1,1
0022500167,2025-11-11,2025,UTA,LAL,1610612765,1610612750,122.2,106.9,1
0022500168,2025-11-11,2025,IND,CHA,1610612748,1610612740,125.6,113.1,1
0022500169,2025-11-12,2025,MEM,POR,1610612751,1610612761,129.1,115.7,1
0022500170,2025-11-12,2025,HOU,PHI,1610612747,1610612759,105.0,117.6,0
0022500171,2025-11-12,2025,SAS,MIN,1610612763,1610612754,137.5,108.9,1
0022500172,2025-11-12,2025,GSW,CLE,1610612746,1610612742,99.4,115.9,0
0022500173,2025-11-12,2025,TOR,CHI,1610612764,1610612741,110.6,109.3,1
0022500174,2025-11-12,2025,LAL,NOP,1610612750,1610612755,126.7,104.0,1
0022500175,2025-11-12,2025,UTA,CHA,1610612765,1610612740,121.6,107.7,1
0022500176,2025-11-12,2025,DET,BKN,1610612745,1610612739,126.7,109.7,1
0022500177,2025-11-12,2025,BOS,OKC,1610612738,1610612757,119.6,98.3,1
0022500178,2025-11-12,2025,MIA,LAC,1610612752,1610612749,92.5,103.8,0
0022500179,2025-11-12,2025,NYK,WAS,1610612756,1610612766,129.3,118.1,1
0022500180,2025-11-13,2025,CHA,IND,1610612740,1610612748,130.0,103.2,1
0022500181,2025-11-13,2025,POR,WAS,1610612761,1610612766,130.2,80.2,1
0022500182,2025-11-13,2025,LAL,DAL,1610612750,1610612743,109.8,97.9,1
0022500183,2025-11-13,2025,MIA,UTA,1610612752,1610612765,118.2,116.3,1
0022500184,2025-11-13,2025,CLE,NYK,1610612742,1610612756,119.0,116.5,1
0022500185,2025-11-13,2025,GSW,BKN,1610612746,1610612739,100.2,112.0,0
0022500186,2025-11-13,2025,CHI,DET,1610612741,1610612745,94.0,111.8,0
0022500187,2025-11-14,2025,BOS,HOU,1610612738,1610612747,110.1,111.9,0
0022500188,2025-11-14,2025,MIN,NYK,1610612754,1610612756,124.4,101.0,1
0022500189,2025-11-14,2025,SAC,ATL,1610612762,1610612737,105.1,116.3,0
0022500190,2025-11-14,2025,UTA,MIL,1610612765,1610612753,108.8,105.7,1
0022500191,2025-11-14,2025,GSW,TOR,1610612746,1610612764,125.8,105.3,1
0022500192,2025-11-14,2025,IND,OKC,1610612748,1610612757,97.4,96.6,1
0022500193,2025-11-14,2025,DET,CHA,1610612745,1610612740,113.4,107.8,1
0022500194,2025-11-14,2025,CLE,ORL,1610612742,1610612758,113.2,114.6,0
0022500195,2025-11-14,2025,PHX,MIA,1610612760,1610612752,101.7,108.3,0
0022500196,2025-11-15,2025,MIL,CHI,1610612753,1610612741,129.5,101.9,1
0022500197,2025-11-15,2025,MIA,MEM,1610612752,1610612751,111.6,118.5,0
0022500198,2025-11-15,2025,POR,UTA,1610612761,1610612765,126.3,109.8,1
0022500199,2025-11-15,2025,DET,BOS,1610612745,1610612738,125.5,101.4,1
0022500200,2025-11-15,2025,DEN,NYK,1610612744,1610612756,115.1,104.3,1
0022500201,2025-11-15,2025,SAS,DAL,1610612763,1610612743,92.1,116.1,0
0022500202,2025-11-15,2025,GSW,LAL,1610612746,1610612750,123.0,115.0,1
0022500203,2025-11-15,2025,BKN,OKC,1610612739,1610612757,129.7,115.7,1
0022500204,2025-11-15,2025,IND,CHA,1610612748,1610612740,113.0,97.4,1
0022500205,2025-11-15,2025,LAC,ATL,1610612749,1610612737,131.1,116.3,1
0022500206,2025-11-15,2025,TOR,WAS,1610612764,1610612766,125.6,114.4,1
0022500207,2025-11-16,2025,HOU,MEM,1610612747,1610612751,116.4,98.5,1
0022500208,2025-11-16,2025,UTA,PHX,1610612765,1610612760,114.3,110.4,1
0022500209,2025-11-16,2025,SAC,PHI,1610612762,1610612759,117.8,110.1,1
0022500210,2025-11-16,2025,NOP,LAL,1610612755,1610612750,109.5,110.6,0
0022500211,2025-11-17,2025,MIL,CLE,1610612753,1610612742,124.7,96.8,1
0022500212,2025-11-17,2025,CHI,PHI,1610612741,1610612759,108.4,103.0,1
0022500213,2025-11-17,2025,SAS,DET,1610612763,1610612745,121.8,117.2,1
0022500214,2025-11-17,2025,MIN,POR,1610612754,1610612761,127.0,102.8,1
0022500215,2025-11-17,2025,NOP,MIA,1610612755,1610612752,132.4,120.1,1
0022500216,2025-11-17,2025,OKC,MEM,1610612757,1610612751,120.7,115.5,1
0022500217,2025-11-17,2025,TOR,ATL,1610612764,1610612737,103.7,109.1,0
0022500218,2025-11-17,2025,IND,LAC,1610612748,1610612749,119.4,101.4,1
0022500219,2025-11-17,2025,PHX,HOU,1610612760,1610612747,122.8,128.7,0
0022500220,2025-11-17,2025,UTA,SAC,1610612765,1610612762,122.0,107.9,1
0022500221,2025-11-18,2025,MIA,NYK,1610612752,1610612756,111.0,109.4,1
0022500222,2025-11-18,2025,ORL,CHI,1610612758,1610612741,106.3,76.1,1
0022500223,2025-11-18,2025,UTA,OKC,1610612765,1610612757,114.0,110.4,1
0022500224,2025-11-18,2025,MEM,MIL,1610612751,1610612753,122.6,110.8,1
0022500225,2025-11-18,2025,GSW,IND,1610612746,1610612748,117.0,97.3,1
0022500226,2025-11-18,2025,POR,TOR,1610612761,1610612764,141.1,124.8,1
0022500227,2025-11-18,2025,SAS,NOP,1610612763,1610612755,112.2,99.5,1
0022500228,2025-11-18,2025,BOS,CHA,1610612738,1610612740,120.2,100.8,1
0022500229,2025-11-18,2025,LAC,DEN,1610612749,1610612744,103.8,99.5,1
0022500230,2025-11-18,2025,MIN,CLE,1610612754,1610612742,120.8,108.7,1
0022500231,2025-11-18,2025,PHX,HOU,1610612760,1610612747,121.6,133.5,0
0022500232,2025-11-19,2025,CHI,GSW,1610612741,1610612746,121.4,102.3,1
0022500233,2025-11-19,2025,MEM,WAS,1610612751,1610612766,130.6,112.8,1
0022500234,2025-11-19,2025,ORL,POR,1610612758,1610612761,131.6,103.5,1
0022500235,2025-11-19,2025,CHA,OKC,1610612740,1610612757,108.0,124.2,0
0022500236,2025-11-19,2025,MIL,NOP,1610612753,1610612755,111.5,115.6,0
0022500237,2025-11-20,2025,UTA,MIA,1610612765,1610612752,114.3,109.0,1
0022500238,2025-11-20,2025,OKC,DAL,1610612757,1610612743,112.4,89.8,1
0022500239,2025-11-20,2025,SAS,MIN,1610612763,1610612754,104.1,111.6,0
0022500240,2025-11-20,2025,DET,MIL,1610612745,1610612753,122.9,116.3,1
0022500241,2025-11-20,2025,TOR,ATL,1610612764,1610612737,111.6,115.8,0
0022500242,2025-11-20,2025,BOS,HOU,1610612738,1610612747,114.6,124.4,0
0022500243,2025-11-20,2025,SAC,CHA,1610612762,1610612740,129.4,102.2,1
0022500244,2025-11-20,2025,IND,NYK,1610612748,1610612756,105.5,110.8,0
0022500245,2025-11-20,2025,LAC,PHX,1610612749,1610612760,99.3,115.6,0
0022500246,2025-11-20,2025,DEN,GSW,1610612744,1610612746,104.7,97.7,1
0022500247,2025-11-21,2025,BOS,WAS,1610612738,1610612766,127.4,98.4,1
0022500248,2025-11-21,2025,MEM,ATL,1610612751,1610612737,119.2,95.2,1
0022500249,2025-11-21,2025,OKC,CHI,1610612757,1610612741,108.5,105.3,1
0022500250,2025-11-21,2025,TOR,MIL,1610612764,1610612753,125.5,105.1,1
0022500251,2025-11-21,2025,UTA,PHI,1610612765,1610612759,116.5,105.2,1
0022500252,2025-11-21,2025,BKN,LAL,1610612739,1610612750,122.3,107.5,1
0022500253,2025-11-22,2025,OKC,MIL,1610612757,1610612753,118.7,111.6,1
0022500254,2025-11-22,2025,SAS,MEM,1610612763,1610612751,129.0,116.5,1
0022500255,2025-11-22,2025,TOR,BKN,1610612764,1610612739,98.1,109.2,0
0022500256,2025-11-22,2025,IND,LAC,1610612748,1610612749,108.7,113.5,0
0022500257,2025-11-22,2025,MIA,DAL,1610612752,1610612743,104.7,102.7,1
0022500258,2025-11-22,2025,HOU,NYK,1610612747,1610612756,110.1,104.3,1
0022500259,2025-11-22,2025,LAL,ORL,1610612750,1610612758,130.3,109.1,1
0022500260,2025-11-22,2025,NOP,UTA,1610612755,1610612765,116.1,107.4,1
0022500261,2025-11-23,2025,TOR,NYK,1610612764,1610612756,124.7,113.4,1
0022500262,2025-11-23,2025,WAS,BOS,1610612766,1610612738,118.5,106.8,1
0022500263,2025-11-23,2025,GSW,LAC,1610612746,1610612749,97.7,103.7,0
0022500264,2025-11-23,2025,DET,SAC,1610612745,1610612762,116.0,104.8,1
0022500265,2025-11-23,2025,ATL,DAL,1610612737,1610612743,106.0,118.2,0
0022500266,2025-11-23,2025,DEN,UTA,1610612744,1610612765,107.1,125.3,0
0022500267,2025-11-23,2025,POR,IND,1610612761,1610612748,99.5,98.2,1
0022500268,2025-11-23,2025,PHX,ORL,1610612760,1610612758,130.2,112.1,1
0022500269,2025-11-23,2025,PHI,OKC,1610612759,1610612757,118.7,114.9,1
0022500270,2025-11-23,2025,NOP,CHI,1610612755,1610612741,127.9,130.4,0
0022500271,2025-11-23,2025,HOU,MIN,1610612747,1610612754,111.2,110.4,1
0022500272,2025-11-24,2025,MIL,BOS,1610612753,1610612738,123.9,107.2,1
0022500273,2025-11-24,2025,SAS,GSW,1610612763,1610612746,118.5,121.4,0
0022500274,2025-11-24,2025,MIA,TOR,1610612752,1610612764,109.2,106.5,1
0022500275,2025-11-24,2025,PHI,NOP,1610612759,1610612755,107.1,113.8,0
0022500276,2025-11-24,2025,UTA,HOU,1610612765,1610612747,119.0,111.0,1
0022500277,2025-11-24,2025,LAC,PHX,1610612749,1610612760,113.4,103.5,1
0022500278,2025-11-24,2025,DAL,DET,1610612743,1610612745,118.8,108.3,1
0022500279,2025-11-24,2025,NYK,SAC,1610612756,1610612762,116.7,94.5,1
0022500280,2025-11-25,2025,POR,MIA,1610612761,1610612752,116.5,104.1,1
0022500281,2025-11-25,2025,MIN,ATL,1610612754,1610612737,117.2,119.1,0
0022500282,2025-11-25,2025,CHA,PHX,1610612740,1610612760,123.2,114.5,1
0022500283,2025-11-25,2025,BKN,TOR,1610612739,1610612764,103.0,127.3,0
0022500284,2025-11-25,2025,MEM,LAC,1610612751,1610612749,106.1,107.0,0
0022500285,2025-11-25,2025,IND,OKC,1610612748,1610612757,115.9,114.5,1
0022500286,2025-11-25,2025,NOP,HOU,1610612755,1610612747,113.8,108.1,1
0022500287,2025-11-25,2025,PHI,SAS,1610612759,1610612763,117.6,113.0,1
0022500288,2025-11-26,2025,GSW,WAS,1610612746,1610612766,124.6,110.8,1
0022500289,2025-11-26,2025,LAL,BKN,1610612750,1610612739,115.4,99.2,1
0022500290,2025-11-26,2025,MIN,CHA,1610612754,1610612740,104.5,98.0,1
0022500291,2025-11-26,2025,SAC,ATL,1610612762,1610612737,112.6,131.9,0
0022500292,2025-11-26,2025,NYK,CHI,1610612756,1610612741,117.0,98.9,1
0022500293,2025-11-26,2025,MIL,TOR,1610612753,1610612764,95.0,101.7,0
0022500294,2025-11-27,2025,CHI,WAS,1610612741,1610612766,110.9,106.4,1
0022500295,2025-11-27,2025,MIA,IND,1610612752,1610612748,111.4,117.5,0
0022500296,2025-11-27,2025,MIN,DET,1610612754,1610612745,107.9,90.3,1
0022500297,2025-11-27,2025,BKN,ORL,1610612739,1610612758,107.7,120.9,0
0022500298,2025-11-27,2025,LAL,DEN,1610612750,1610612744,110.4,109.7,1
0022500299,2025-11-27,2025,SAS,CHA,1610612763,1610612740,103.3,110.5,0
0022500300,2025-11-27,2025,GSW,BOS,1610612746,1610612738,126.1,98.1,1
0022500301,2025-11-27,2025,OKC,MIL,1610612757,1610612753,98.7,118.0,0
0022500302,2025-11-27,2025,PHI,ATL,1610612759,1610612737,127.8,121.6,1
0022500303,2025-11-27,2025,PHX,MEM,1610612760,1610612751,123.0,109.1,1
0022500304,2025-11-28,2025,DET,NYK,1610612745,1610612756,107.4,128.9,0
0022500305,2025-11-28,2025,MIN,BKN,1610612754,1610612739,103.3,104.9,0
0022500306,2025-11-28,2025,LAL,HOU,1610612750,1610612747,121.1,101.5,1
0022500307,2025-11-28,2025,MEM,OKC,1610612751,1610612757,123.0,98.7,1
0022500308,2025-11-28,2025,SAS,BOS,1610612763,1610612738,122.7,103.6,1
0022500309,2025-11-28,2025,ATL,UTA,1610612737,1610612765,105.3,113.0,0
0022500310,2025-11-28,2025,CLE,MIL,1610612742,1610612753,115.1,103.1,1
0022500311,2025-11-28,2025,LAC,IND,1610612749,1610612748,119.5,115.2,1
0022500312,2025-11-28,2025,CHA,MIA,1610612740,1610612752,118.3,111.9,1
0022500313,2025-11-28,2025,NOP,DAL,1610612755,1610612743,113.2,112.7,1
0022500314,2025-11-28,2025,ORL,WAS,1610612758,1610612766,105.4,109.3,0
0022500315,2025-11-29,2025,LAC,WAS,1610612749,1610612766,106.9,107.0,0
0022500316,2025-11-29,2025,MEM,CLE,1610612751,1610612742,124.2,123.4,1
0022500317,2025-11-29,2025,LAL,MIN,1610612750,1610612754,121.8,110.2,1
0022500318,2025-11-29,2025,BKN,DEN,1610612739,1610612744,106.7,113.7,0
0022500319,2025-11-29,2025,NYK,POR,1610612756,1610612761,120.5,116.4,1
0022500320,2025-11-29,2025,CHA,ATL,1610612740,1610612737,107.6,96.7,1
0022500321,2025-11-29,2025,BOS,UTA,1610612738,1610612765,133.7,121.7,1
0022500322,2025-11-29,2025,GSW,IND,1610612746,1610612748,107.0,116.2,0
0022500323,2025-11-29,2025,TOR,MIL,1610612764,1610612753,114.1,106.9,1
0022500324,2025-11-29,2025,SAS,SAC,1610612763,1610612762,114.2,111.8,1
0022500325,2025-11-30,2025,MIA,MIL,1610612752,1610612753,107.2,104.5,1
0022500326,2025-11-30,2025,UTA,MIN,1610612765,1610612754,120.2,121.3,0
0022500327,2025-11-30,2025,HOU,ORL,1610612747,1610612758,93.1,107.4,0
0022500328,2025-11-30,2025,TOR,BOS,1610612764,1610612738,112.0,112.3,0
0022500329,2025-11-30,2025,DEN,PHX,1610612744,1610612760,110.2,92.7,1
0022500330,2025-11-30,2025,SAC,ATL,1610612762,1610612737,116.7,111.5,1
0022500331,2025-11-30,2025,DET,MEM,1610612745,1610612751,112.4,110.7,1
0022500332,2025-11-30,2025,SAS,CHI,1610612763,1610612741,118.2,107.2,1
0022500333,2025-11-30,2025,LAL,NOP,1610612750,1610612755,120.8,105.4,1
0022500334,2025-12-01,2025,GSW,DEN,1610612746,1610612744,106.8,107.2,0
0022500335,2025-12-01,2025,ORL,LAL,1610612758,1610612750,112.3,89.7,1
0022500336,2025-12-01,2025,LAC,BOS,1610612749,1610612738,116.8,95.2,1
0022500337,2025-12-01,2025,BKN,SAS,1610612739,1610612763,137.2,104.4,1
0022500338,2025-12-01,2025,WAS,SAC,1610612766,1610612762,111.8,121.7,0
0022500339,2025-12-01,2025,CLE,NYK,1610612742,1610612756,117.8,109.3,1
0022500340,2025-12-01,2025,CHA,PHI,1610612740,1610612759,98.5,107.4,0
0022500341,2025-12-01,2025,TOR,MIL,1610612764,1610612753,100.0,112.0,0
0022500342,2025-12-01,2025,CHI,ATL,1610612741,1610612737,128.6,115.5,1
0022500343,2025-12-02,2025,DET,SAC,1610612745,1610612762,124.7,110.9,1
0022500344,2025-12-02,2025,WAS,ATL,1610612766,1610612737,127.3,99.8,1
0022500345,2025-12-02,2025,HOU,BKN,1610612747,1610612739,98.8,111.1,0
0022500346,2025-12-02,2025,TOR,UTA,1610612764,1610612765,112.6,95.6,1
0022500347,2025-12-02,2025,CHA,SAS,1610612740,1610612763,111.9,117.1,0
0022500348,2025-12-02,2025,NOP,PHX,1610612755,1610612760,138.1,104.0,1
0022500349,2025-12-02,2025,CHI,BOS,1610612741,1610612738,115.0,112.7,1
0022500350,2025-12-02,2025,MEM,DAL,1610612751,1610612743,122.1,114.8,1
0022500351,2025-12-02,2025,OKC,IND,1610612757,1610612748,127.1,118.2,1
0022500352,2025-12-02,2025,ORL,PHI,1610612758,1610612759,124.2,96.3,1
0022500353,2025-12-02,2025,POR,CLE,1610612761,1610612742,111.3,119.1,0
0022500354,2025-12-03,2025,SAC,PHI,1610612762,1610612759,131.5,110.6,1
0022500355,2025-12-03,2025,CHA,WAS,1610612740,1610612766,117.9,131.7,0
0022500356,2025-12-03,2025,SAS,CHI,1610612763,1610612741,127.0,104.4,1
0022500357,2025-12-03,2025,IND,ORL,1610612748,1610612758,116.7,127.6,0
0022500358,2025-12-03,2025,LAC,NOP,1610612749,1610612755,112.1,95.3,1
0022500359,2025-12-04,2025,NOP,PHI,1610612755,1610612759,98.1,101.1,0
0022500360,2025-12-04,2025,CHI,LAC,1610612741,1610612749,90.8,110.1,0
0022500361,2025-12-04,2025,LAL,DET,1610612750,1610612745,118.7,105.3,1
0022500362,2025-12-04,2025,WAS,IND,1610612766,1610612748,108.3,122.0,0
0022500363,2025-12-04,2025,ORL,OKC,1610612758,1610612757,103.6,102.7,1
0022500364,2025-12-04,2025,DEN,BKN,1610612744,1610612739,107.7,95.0,1
0022500365,2025-12-04,2025,MIN,MEM,1610612754,1610612751,117.5,127.3,0
0022500366,2025-12-04,2025,TOR,CHA,1610612764,1610612740,129.8,97.7,1
0022500367,2025-12-04,2025,MIL,ATL,1610612753,1610612737,101.2,120.0,0
0022500368,2025-12-04,2025,PHX,CLE,1610612760,1610612742,106.6,116.6,0
0022500369,2025-12-04,2025,NYK,HOU,1610612756,1610612747,114.0,110.7,1
0022500370,2025-12-05,2025,BKN,TOR,1610612739,1610612764,108.2,117.2,0
0022500371,2025-12-05,2025,MIA,PHX,1610612752,1610612760,105.3,117.8,0
0022500372,2025-12-05,2025,ATL,IND,1610612737,1610612748,101.5,105.6,0
0022500373,2025-12-05,2025,OKC,MIN,1610612757,1610612754,111.2,96.6,1
0022500374,2025-12-05,2025,ORL,SAS,1610612758,1610612763,102.1,104.1,0
0022500375,2025-12-06,2025,DEN,MEM,1610612744,1610612751,107.5,103.9,1
0022500376,2025-12-06,2025,SAS,MIN,1610612763,1610612754,100.1,89.1,1
0022500377,2025-12-06,2025,CHA,BKN,1610612740,1610612739,114.0,99.7,1
0022500378,2025-12-06,2025,DET,OKC,1610612745,1610612757,128.9,106.8,1
0022500379,2025-12-06,2025,PHI,NYK,1610612759,1610612756,116.8,101.0,1
0022500380,2025-12-06,2025,GSW,DAL,1610612746,1610612743,127.8,107.9,1
0022500381,2025-12-06,2025,MIL,LAC,1610612753,1610612749,105.3,108.5,0
0022500382,2025-12-07,2025,PHX,BOS,1610612760,1610612738,135.0,101.3,1
0022500383,2025-12-07,2025,MIL,CHI,1610612753,1610612741,125.0,101.9,1
0022500384,2025-12-07,2025,WAS,NYK,1610612766,1610612756,125.4,114.1,1
0022500385,2025-12-07,2025,GSW,NOP,1610612746,1610612755,119.4,111.1,1
0022500386,2025-12-07,2025,IND,CLE,1610612748,1610612742,133.5,111.6,1
0022500387,2025-12-07,2025,LAL,BKN,1610612750,1610612739,116.1,116.0,1
0022500388,2025-12-08,2025,MEM,IND,1610612751,1610612748,92.5,107.1,0
0022500389,2025-12-08,2025,MIL,CLE,1610612753,1610612742,107.0,116.7,0
0022500390,2025-12-08,2025,BKN,HOU,1610612739,1610612747,129.4,102.5,1
0022500391,2025-12-08,2025,GSW,WAS,1610612746,1610612766,113.4,109.8,1
0022500392,2025-12-08,2025,SAS,BOS,1610612763,1610612738,99.0,122.2,0
0022500393,2025-12-08,2025,ORL,MIA,1610612758,1610612752,113.9,107.4,1
0022500394,2025-12-08,2025,DET,NYK,1610612745,1610612756,109.7,115.7,0
0022500395,2025-12-08,2025,POR,NOP,1610612761,1610612755,112.1,116.8,0
0022500396,2025-12-08,2025,PHX,ATL,1610612760,1610612737,128.6,102.6,1
0022500397,2025-12-08,2025,OKC,CHI,1610612757,1610612741,113.9,103.7,1
0022500398,2025-12-08,2025,UTA,CHA,1610612765,1610612740,115.9,124.1,0
0022500399,2025-12-09,2025,LAC,LAL,1610612749,1610612750,110.4,125.9,0
0022500400,2025-12-09,2025,GSW,DET,1610612746,1610612745,115.8,103.5,1
0022500401,2025-12-09,2025,IND,WAS,1610612748,1610612766,132.5,129.0,1
0022500402,2025-12-09,2025,BOS,UTA,1610612738,1610612765,104.4,111.3,0
0022500403,2025-12-09,2025,MIN,POR,1610612754,1610612761,112.8,114.1,0
0022500404,2025-12-09,2025,NYK,MIA,1610612756,1610612752,123.9,117.0,1
0022500405,2025-12-09,2025,PHX,NOP,1610612760,1610612755,111.7,124.6,0
0022500406,2025-12-09,2025,CHI,CHA,1610612741,1610612740,122.5,107.8,1
0022500407,2025-12-09,2025,BKN,MEM,1610612739,1610612751,103.0,110.5,0
0022500408,2025-12-09,2025,TOR,SAS,1610612764,1610612763,116.7,111.1,1
0022500409,2025-12-09,2025,DEN,HOU,1610612744,1610612747,120.9,119.3,1
0022500410,2025-12-10,2025,CLE,LAC,1610612742,1610612749,125.8,93.5,1
0022500411,2025-12-10,2025,TOR,NYK,1610612764,1610612756,107.4,89.2,1
0022500412,2025-12-10,2025,NOP,HOU,1610612755,1610612747,112.3,111.9,1
0022500413,2025-12-10,2025,CHI,DAL,1610612741,1610612743,128.5,122.0,1
0022500414,2025-12-10,2025,MIN,DET,1610612754,1610612745,103.8,116.4,0
0022500415,2025-12-10,2025,UTA,GSW,1610612765,1610612746,113.1,102.5,1
0022500416,2025-12-10,2025,SAC,LAL,1610612762,1610612750,101.6,107.3,0
0022500417,2025-12-10,2025,MIA,POR,1610612752,1610612761,101.2,103.0,0
0022500418,2025-12-10,2025,SAS,ORL,1610612763,1610612758,109.4,100.3,1
0022500419,2025-12-10,2025,BKN,ATL,1610612739,1610612737,114.1,115.6,0
0022500420,2025-12-10,2025,CHA,WAS,1610612740,1610612766,102.3,103.0,0
0022500421,2025-12-11,2025,GSW,CLE,1610612746,1610612742,120.0,100.7,1
0022500422,2025-12-11,2025,MIA,DEN,1610612752,1610612744,116.9,100.5,1
0022500423,2025-12-11,2025,HOU,BKN,1610612747,1610612739,116.5,100.9,1
0022500424,2025-12-11,2025,WAS,PHX,1610612766,1610612760,117.3,113.3,1
0022500425,2025-12-11,2025,PHI,NYK,1610612759,1610612756,113.1,102.7,1
0022500426,2025-12-11,2025,OKC,SAC,1610612757,1610612762,102.5,132.6,0
0022500427,2025-12-11,2025,MIN,NOP,1610612754,1610612755,109.8,105.4,1
0022500428,2025-12-11,2025,UTA,BOS,1610612765,1610612738,121.7,122.6,0
0022500429,2025-12-11,2025,DAL,TOR,1610612743,1610612764,105.9,108.3,0
0022500430,2025-12-11,2025,MIL,MEM,1610612753,1610612751,104.9,106.6,0
0022500431,2025-12-12,2025,CHI,BKN,1610612741,1610612739,96.6,109.4,0
0022500432,2025-12-12,2025,GSW,LAL,1610612746,1610612750,108.8,96.3,1
0022500433,2025-12-12,2025,DEN,CHA,1610612744,1610612740,111.7,129.2,0
0022500434,2025-12-12,2025,HOU,IND,1610612747,1610612748,106.7,124.0,0
0022500435,2025-12-12,2025,MEM,TOR,1610612751,1610612764,110.2,112.2,0
0022500436,2025-12-12,2025,ATL,MIL,1610612737,1610612753,107.4,103.6,1
0022500437,2025-12-12,2025,SAC,CLE,1610612762,1610612742,113.3,110.1,1
0022500438,2025-12-13,2025,MEM,DAL,1610612751,1610612743,117.9,103.9,1
0022500439,2025-12-13,2025,WAS,POR,1610612766,1610612761,108.9,125.7,0
0022500440,2025-12-13,2025,MIL,ORL,1610612753,1610612758,102.8,115.7,0
0022500441,2025-12-13,2025,CLE,OKC,1610612742,1610612757,102.4,120.1,0
0022500442,2025-12-13,2025,LAL,DEN,1610612750,1610612744,118.8,116.0,1
0022500443,2025-12-13,2025,MIN,NOP,1610612754,1610612755,105.3,125.6,0
0022500444,2025-12-13,2025,DET,GSW,1610612745,1610612746,100.1,107.9,0
0022500445,2025-12-13,2025,SAC,TOR,1610612762,1610612764,105.3,122.8,0
0022500446,2025-12-14,2025,ORL,POR,1610612758,1610612761,116.7,115.5,1
0022500447,2025-12-14,2025,PHI,TOR,1610612759,1610612764,113.9,97.1,1
0022500448,2025-12-14,2025,NYK,MIA,1610612756,1610612752,121.8,122.0,0
0022500449,2025-12-14,2025,PHX,BOS,1610612760,1610612738,111.5,108.0,1
0022500450,2025-12-14,2025,BKN,SAS,1610612739,1610612763,117.6,116.7,1
0022500451,2025-12-14,2025,MIL,LAC,1610612753,1610612749,140.6,131.2,1
0022500452,2025-12-14,2025,IND,HOU,1610612748,1610612747,110.2,108.6,1
0022500453,2025-12-14,2025,CLE,ATL,1610612742,1610612737,103.7,112.9,0
0022500454,2025-12-15,2025,DEN,MIN,1610612744,1610612754,110.7,118.4,0
0022500455,2025-12-15,2025,TOR,GSW,1610612764,1610612746,112.4,111.7,1
0022500456,2025-12-15,2025,MIA,OKC,1610612752,1610612757,121.2,129.1,0
0022500457,2025-12-15,2025,UTA,MIL,1610612765,1610612753,120.1,123.9,0
0022500458,2025-12-15,2025,DAL,ORL,1610612743,1610612758,106.0,105.0,1
0022500459,2025-12-15,2025,PHX,NYK,1610612760,1610612756,112.0,103.8,1
0022500460,2025-12-15,2025,MEM,CHA,1610612751,1610612740,117.3,103.2,1
0022500461,2025-12-16,2025,DAL,HOU,1610612743,1610612747,112.3,126.5,0
0022500462,2025-12-16,2025,MIA,ATL,1610612752,1610612737,117.6,103.1,1
0022500463,2025-12-16,2025,NOP,BOS,1610612755,1610612738,131.1,100.8,1
0022500464,2025-12-16,2025,IND,CHI,1610612748,1610612741,118.8,116.6,1
0022500465,2025-12-17,2025,UTA,CLE,1610612765,1610612742,120.4,125.5,0
0022500466,2025-12-17,2025,ORL,LAC,1610612758,1610612749,116.6,113.1,1
0022500467,2025-12-17,2025,DEN,NOP,1610612744,1610612755,109.6,107.9,1
0022500468,2025-12-17,2025,DET,MIL,1610612745,1610612753,108.4,110.8,0
0022500469,2025-12-17,2025,CHI,DAL,1610612741,1610612743,106.5,105.1,1
0022500470,2025-12-17,2025,WAS,CHA,1610612766,1610612740,107.9,111.6,0
0022500471,2025-12-17,2025,MEM,TOR,1610612751,1610612764,117.3,111.3,1
0022500472,2025-12-17,2025,OKC,IND,1610612757,1610612748,115.2,115.0,1
0022500473,2025-12-17,2025,HOU,MIA,1610612747,1610612752,114.8,111.0,1
0022500474,2025-12-17,2025,SAS,PHI,1610612763,1610612759,106.8,110.7,0
0022500475,2025-12-18,2025,PHI,DAL,1610612759,1610612743,125.1,117.9,1
0022500476,2025-12-18,2025,BOS,MIA,1610612738,1610612752,122.8,103.7,1
0022500477,2025-12-18,2025,LAC,POR,1610612749,1610612761,121.5,132.5,0
0022500478,2025-12-18,2025,HOU,LAL,1610612747,1610612750,121.5,130.4,0
0022500479,2025-12-18,2025,OKC,TOR,1610612757,1610612764,116.1,117.4,0
0022500480,2025-12-18,2025,UTA,CHI,1610612765,1610612741,126.9,125.6,1
0022500481,2025-12-18,2025,SAS,CLE,1610612763,1610612742,109.9,116.5,0
0022500482,2025-12-19,2025,LAC,SAC,1610612749,1610612762,110.4,106.9,1
0022500483,2025-12-19,2025,CHA,LAL,1610612740,1610612750,120.4,116.5,1
0022500484,2025-12-19,2025,MEM,WAS,1610612751,1610612766,118.7,95.0,1
0022500485,2025-12-19,2025,CLE,MIN,1610612742,1610612754,108.0,114.7,0
0022500486,2025-12-19,2025,UTA,TOR,1610612765,1610612764,115.5,131.2,0
0022500487,2025-12-19,2025,SAS,OKC,1610612763,1610612757,98.2,97.6,1
0022500488,2025-12-19,2025,IND,POR,1610612748,1610612761,121.1,124.8,0
0022500489,2025-12-19,2025,BOS,MIL,1610612738,1610612753,117.0,129.1,0
0022500490,2025-12-20,2025,WAS,PHI,1610612766,1610612759,113.1,93.9,1
0022500491,2025-12-20,2025,UTA,MIL,1610612765,1610612753,102.2,112.8,0
0022500492,2025-12-20,2025,CLE,IND,1610612742,1610612748,108.5,121.1,0
0022500493,2025-12-20,2025,SAS,BKN,1610612763,1610612739,118.8,114.0,1
0022500494,2025-12-20,2025,BOS,POR,1610612738,1610612761,129.5,128.3,1
0022500495,2025-12-20,2025,ORL,LAC,1610612758,1610612749,124.9,110.6,1
0022500496,2025-12-20,2025,MEM,DET,1610612751,1610612745,109.3,107.3,1
0022500497,2025-12-20,2025,MIA,MIN,1610612752,1610612754,107.5,106.3,1
0022500498,2025-12-20,2025,PHX,NYK,1610612760,1610612756,114.9,117.2,0
0022500499,2025-12-20,2025,DAL,GSW,1610612743,1610612746,112.4,106.0,1
0022500500,2025-12-20,2025,ATL,HOU,1610612737,1610612747,102.6,114.9,0
0022500501,2025-12-21,2025,BKN,DET,1610612739,1610612745,103.2,96.9,1
0022500502,2025-12-21,2025,DAL,WAS,1610612743,1610612766,110.0,108.1,1
0022500503,2025-12-21,2025,MEM,SAC,1610612751,1610612762,114.8,107.9,1
0022500504,2025-12-21,2025,CHI,CHA,1610612741,1610612740,110.0,110.7,0
0022500505,2025-12-21,2025,MIA,UTA,1610612752,1610612765,99.3,120.9,0
0022500506,2025-12-22,2025,CLE,BKN,1610612742,1610612739,117.1,111.4,1
0022500507,2025-12-22,2025,CHI,HOU,1610612741,1610612747,137.1,115.0,1
0022500508,2025-12-22,2025,PHX,DET,1610612760,1610612745,113.6,132.9,0
0022500509,2025-12-22,2025,LAC,GSW,1610612749,1610612746,140.1,125.0,1
0022500510,2025-12-22,2025,MEM,IND,1610612751,1610612748,118.0,110.8,1
0022500511,2025-12-22,2025,DEN,LAL,1610612744,1610612750,117.0,112.2,1
0022500512,2025-12-22,2025,MIA,DAL,1610612752,1610612743,107.1,99.9,1
0022500513,2025-12-22,2025,NYK,NOP,1610612756,1610612755,130.3,87.3,1
0022500514,2025-12-22,2025,SAC,CHA,1610612762,1610612740,116.0,116.2,0
0022500515,2025-12-22,2025,POR,SAS,1610612761,1610612763,108.4,119.7,0
0022500516,2025-12-22,2025,WAS,UTA,1610612766,1610612765,107.3,137.1,0
0022500517,2025-12-23,2025,OKC,ATL,1610612757,1610612737,97.5,108.7,0
0022500518,2025-12-23,2025,DAL,CHA,1610612743,1610612740,121.7,115.1,1
0022500519,2025-12-23,2025,NOP,IND,1610612755,1610612748,108.7,110.7,0
0022500520,2025-12-23,2025,WAS,NYK,1610612766,1610612756,112.6,104.1,1
0022500521,2025-12-23,2025,BOS,DET,1610612738,1610612745,107.3,127.0,0
0022500522,2025-12-23,2025,PHI,LAC,1610612759,1610612749,113.9,112.1,1
0022500523,2025-12-23,2025,TOR,ORL,1610612764,1610612758,99.0,109.2,0
0022500524,2025-12-23,2025,MEM,MIN,1610612751,1610612754,130.5,121.8,1
0022500525,2025-12-23,2025,MIA,CLE,1610612752,1610612742,110.7,119.7,0
0022500526,2025-12-23,2025,UTA,HOU,1610612765,1610612747,112.9,123.5,0
0022500527,2025-12-24,2025,NYK,WAS,1610612756,1610612766,120.6,116.5,1
0022500528,2025-12-24,2025,OKC,BOS,1610612757,1610612738,114.9,101.7,1
0022500529,2025-12-24,2025,HOU,TOR,1610612747,1610612764,96.7,124.6,0
0022500530,2025-12-24,2025,CLE,GSW,1610612742,1610612746,105.5,105.0,1
0022500531,2025-12-24,2025,SAC,LAC,1610612762,1610612749,120.0,116.7,1
0022500532,2025-12-24,2025,ORL,MIL,1610612758,1610612753,127.6,98.7,1
0022500533,2025-12-24,2025,BKN,MIN,1610612739,1610612754,103.9,121.4,0
0022500534,2025-12-25,2025,HOU,DEN,1610612747,1610612744,109.8,113.2,0
0022500535,2025-12-25,2025,IND,MIA,1610612748,1610612752,110.0,87.5,1
0022500536,2025-12-25,2025,DAL,MIL,1610612743,1610612753,102.1,113.2,0
0022500537,2025-12-25,2025,ORL,CHA,1610612758,1610612740,95.5,116.0,0
0022500538,2025-12-25,2025,GSW,BOS,1610612746,1610612738,110.1,112.1,0
0022500539,2025-12-25,2025,LAC,PHX,1610612749,1610612760,103.9,87.1,1
0022500540,2025-12-26,2025,PHX,ORL,1610612760,1610612758,115.3,108.0,1
0022500541,2025-12-26,2025,HOU,MIA,1610612747,1610612752,115.2,111.0,1
0022500542,2025-12-26,2025,CHI,CLE,1610612741,1610612742,128.4,94.1,1
0022500543,2025-12-26,2025,WAS,PHI,1610612766,1610612759,123.6,112.5,1
0022500544,2025-12-26,2025,SAS,SAC,1610612763,1610612762,130.8,124.5,1
0022500545,2025-12-27,2025,PHI,PHX,1610612759,1610612760,126.2,116.7,1
0022500546,2025-12-27,2025,LAC,BOS,1610612749,1610612738,119.5,116.3,1
0022500547,2025-12-27,2025,ATL,DEN,1610612737,1610612744,98.3,99.7,0
0022500548,2025-12-27,2025,DAL,SAS,1610612743,1610612763,120.3,108.0,1
0022500549,2025-12-27,2025,TOR,MIN,1610612764,1610612754,119.8,129.6,0
0022500550,2025-12-28,2025,BOS,HOU,1610612738,1610612747,129.7,105.9,1
0022500551,2025-12-28,2025,ORL,CHI,1610612758,1610612741,125.6,113.2,1
0022500552,2025-12-28,2025,GSW,NYK,1610612746,1610612756,98.4,109.7,0
0022500553,2025-12-28,2025,DEN,SAC,1610612744,1610612762,120.2,108.4,1
0022500554,2025-12-28,2025,LAC,PHX,1610612749,1610612760,124.3,124.0,1
0022500555,2025-12-28,2025,IND,LAL,1610612748,1610612750,97.6,113.1,0
0022500556,2025-12-28,2025,DET,PHI,1610612745,1610612759,124.0,107.5,1
0022500557,2025-12-28,2025,CLE,MIA,1610612742,1610612752,127.9,117.3,1
0022500558,2025-12-28,2025,DAL,MEM,1610612743,1610612751,116.0,108.4,1
0022500559,2025-12-28,2025,POR,CHA,1610612761,1610612740,115.0,98.9,1
0022500560,2025-12-28,2025,MIN,MIL,1610612754,1610612753,117.2,110.8,1
0022500561,2025-12-29,2025,ORL,LAC,1610612758,1610612749,122.5,119.9,1
0022500562,2025-12-29,2025,OKC,DAL,1610612757,1610612743,95.8,121.5,0
0022500563,2025-12-29,2025,CHA,DET,1610612740,1610612745,111.5,113.8,0
0022500564,2025-12-29,2025,DEN,PHX,1610612744,1610612760,95.9,117.1,0
0022500565,2025-12-30,2025,OKC,NOP,1610612757,1610612755,121.9,114.8,1
0022500566,2025-12-30,2025,PHX,SAC,1610612760,1610612762,122.3,124.3,0
0022500567,2025-12-30,2025,BKN,MIA,1610612739,1610612752,113.2,109.2,1
0022500568,2025-12-30,2025,DAL,DET,1610612743,1610612745,111.6,106.1,1
0022500569,2025-12-30,2025,HOU,NYK,1610612747,1610612756,115.3,101.9,1
0022500570,2025-12-30,2025,DEN,UTA,1610612744,1610612765,93.5,115.0,0
0022500571,2025-12-30,2025,CHA,WAS,1610612740,1610612766,125.0,112.3,1
0022500572,2025-12-30,2025,LAC,GSW,1610612749,1610612746,101.9,117.3,0
0022500573,2025-12-31,2025,ATL,TOR,1610612737,1610612764,118.1,117.5,1
0022500574,2025-12-31,2025,BOS,IND,1610612738,1610612748,91.4,107.9,0
0022500575,2025-12-31,2025,NOP,HOU,1610612755,1610612747,116.8,114.0,1
0022500576,2025-12-31,2025,LAL,LAC,1610612750,1610612749,112.5,109.3,1
0022500577,2025-12-31,2025,MIL,CHA,1610612753,1610612740,103.5,104.5,0
0022500578,2025-12-31,2025,BKN,WAS,1610612739,1610612766,103.3,117.9,0
0022500579,2025-12-31,2025,DET,GSW,1610612745,1610612746,123.2,117.5,1
0022500580,2025-12-31,2025,NYK,OKC,1610612756,1610612757,111.9,113.5,0
0022500581,2025-12-31,2025,DAL,CHI,1610612743,1610612741,115.5,110.9,1
0022500582,2025-12-31,2025,PHI,SAS,1610612759,1610612763,112.7,93.0,1
0022500583,2025-12-31,2025,POR,MEM,1610612761,1610612751,131.8,120.7,1
0022500584,2026-01-01,2025,ATL,LAL,1610612737,1610612750,122.6,117.0,1
0022500585,2026-01-01,2025,TOR,HOU,1610612764,1610612747,118.2,112.3,1
0022500586,2026-01-01,2025,OKC,BKN,1610612757,1610612739,121.3,113.1,1
0022500587,2026-01-01,2025,DAL,CLE,1610612743,1610612742,117.6,113.0,1
0022500588,2026-01-01,2025,MEM,NYK,1610612751,1610612756,120.0,96.5,1
0022500589,2026-01-01,2025,WAS,GSW,1610612766,1610612746,105.7,109.0,0
0022500590,2026-01-01,2025,UTA,CHA,1610612765,1610612740,105.0,107.1,0
0022500591,2026-01-01,2025,BOS,NOP,1610612738,1610612755,124.6,117.2,1
0022500592,2026-01-01,2025,IND,PHI,1610612748,1610612759,109.7,101.9,1
0022500593,2026-01-02,2025,LAL,BOS,1610612750,1610612738,112.6,114.8,0
0022500594,2026-01-02,2025,MIL,TOR,1610612753,1610612764,119.4,106.9,1
0022500595,2026-01-02,2025,PHI,ORL,1610612759,1610612758,113.0,102.3,1
0022500596,2026-01-02,2025,DAL,LAC,1610612743,1610612749,108.3,124.0,0
0022500597,2026-01-02,2025,OKC,GSW,1610612757,1610612746,114.9,107.0,1
0022500598,2026-01-02,2025,DET,HOU,1610612745,1610612747,95.3,106.0,0
0022500599,2026-01-02,2025,CHI,UTA,1610612741,1610612765,108.4,107.1,1
0022500600,2026-01-02,2025,MIA,MIN,1610612752,1610612754,106.0,115.2,0
0022500601,2026-01-02,2025,PHX,DEN,1610612760,1610612744,108.5,107.0,1
0022500602,2026-01-02,2025,CHA,WAS,1610612740,1610612766,131.0,94.6,1
0022500603,2026-01-02,2025,CLE,IND,1610612742,1610612748,107.2,104.8,1
0022500604,2026-01-03,2025,ORL,DET,1610612758,1610612745,100.5,95.5,1
0022500605,2026-01-03,2025,BKN,MIL,1610612739,1610612753,124.2,111.8,1
0022500606,2026-01-03,2025,MIN,WAS,1610612754,1610612766,93.8,103.3,0
0022500607,2026-01-03,2025,HOU,CLE,1610612747,1610612742,109.3,108.1,1
0022500608,2026-01-03,2025,MEM,LAC,1610612751,1610612749,122.9,102.7,1
0022500609,2026-01-03,2025,BOS,DAL,1610612738,1610612743,115.7,102.2,1
0022500610,2026-01-03,2025,TOR,CHI,1610612764,1610612741,121.6,118.2,1
0022500611,2026-01-03,2025,GSW,DEN,1610612746,1610612744,121.6,120.3,1
0022500612,2026-01-03,2025,SAC,ATL,1610612762,1610612737,105.2,126.9,0
0022500613,2026-01-03,2025,POR,IND,1610612761,1610612748,99.0,112.4,0
0022500614,2026-01-04,2025,ATL,OKC,1610612737,1610612757,102.1,109.0,0
0022500615,2026-01-04,2025,MIA,CHI,1610612752,1610612741,125.2,97.3,1
0022500616,2026-01-04,2025,DEN,UTA,1610612744,1610612765,115.1,110.4,1
0022500617,2026-01-04,2025,MEM,TOR,1610612751,1610612764,120.6,113.2,1
0022500618,2026-01-04,2025,BOS,PHI,1610612738,1610612759,123.2,113.8,1
0022500619,2026-01-04,2025,NYK,MIN,1610612756,1610612754,136.7,113.2,1
0022500620,2026-01-04,2025,LAL,ORL,1610612750,1610612758,99.9,109.8,0
0022500621,2026-01-04,2025,MIL,IND,1610612753,1610612748,114.5,109.4,1
0022500622,2026-01-05,2025,SAC,PHX,1610612762,1610612760,101.6,102.1,0
0022500623,2026-01-05,2025,POR,LAC,1610612761,1610612749,136.7,102.4,1
0022500624,2026-01-05,2025,BKN,MEM,1610612739,1610612751,108.4,104.1,1
0022500625,2026-01-05,2025,MIN,SAS,1610612754,1610612763,94.9,108.8,0
0022500626,2026-01-05,2025,DET,BOS,1610612745,1610612738,106.4,118.2,0
0022500627,2026-01-05,2025,CHA,OKC,1610612740,1610612757,103.4,135.9,0
0022500628,2026-01-05,2025,LAL,IND,1610612750,1610612748,104.2,118.8,0
0022500629,2026-01-05,2025,TOR,ATL,1610612764,1610612737,108.3,112.0,0
0022500630,2026-01-05,2025,CHI,HOU,1610612741,1610612747,136.2,111.5,1
0022500631,2026-01-05,2025,PHI,CLE,1610612759,1610612742,116.9,109.2,1
0022500632,2026-01-05,2025,ORL,GSW,1610612758,1610612746,100.7,106.2,0
0022500633,2026-01-06,2025,ATL,PHI,1610612737,1610612759,125.3,116.4,1
0022500634,2026-01-06,2025,LAC,TOR,1610612749,1610612764,119.7,114.9,1
0022500635,2026-01-06,2025,DEN,DAL,1610612744,1610612743,101.1,115.1,0
0022500636,2026-01-06,2025,PHX,LAL,1610612760,1610612750,107.3,105.5,1
0022500637,2026-01-06,2025,BOS,OKC,1610612738,1610612757,115.9,102.0,1
0022500638,2026-01-07,2025,ORL,PHX,1610612758,1610612760,119.4,114.5,1
0022500639,2026-01-07,2025,UTA,SAC,1610612765,1610612762,128.5,105.1,1
0022500640,2026-01-07,2025,BOS,POR,1610612738,1610612761,116.2,110.5,1
0022500641,2026-01-07,2025,CHI,MIA,1610612741,1610612752,105.2,107.8,0
0022500642,2026-01-07,2025,NYK,LAC,1610612756,1610612749,116.2,110.4,1
0022500643,2026-01-08,2025,TOR,WAS,1610612764,1610612766,110.7,116.1,0
0022500644,2026-01-08,2025,POR,DAL,1610612761,1610612743,108.8,107.1,1
0022500645,2026-01-08,2025,OKC,IND,1610612757,1610612748,124.9,136.8,0
0022500646,2026-01-08,2025,LAL,UTA,1610612750,1610612765,119.2,108.4,1
0022500647,2026-01-08,2025,GSW,CHI,1610612746,1610612741,109.3,123.4,0
0022500648,2026-01-08,2025,MEM,DET,1610612751,1610612745,124.2,118.2,1
0022500649,2026-01-08,2025,SAC,BOS,1610612762,1610612738,119.8,121.7,0
0022500650,2026-01-08,2025,DEN,PHX,1610612744,1610612760,122.9,107.5,1
0022500651,2026-01-08,2025,ORL,CHA,1610612758,1610612740,115.0,118.6,0
0022500652,2026-01-08,2025,MIN,NOP,1610612754,1610612755,103.7,109.9,0
0022500653,2026-01-09,2025,LAL,DET,1610612750,1610612745,115.4,114.2,1
0022500654,2026-01-09,2025,ORL,LAC,1610612758,1610612749,107.5,127.9,0
0022500655,2026-01-09,2025,OKC,ATL,1610612757,1610612737,136.2,99.6,1
0022500656,2026-01-09,2025,GSW,SAS,1610612746,1610612763,108.7,116.5,0
0022500657,2026-01-09,2025,DAL,CHI,1610612743,1610612741,109.3,108.7,1
0022500658,2026-01-09,2025,CHA,MIL,1610612740,1610612753,102.7,120.2,0
0022500659,2026-01-09,2025,MIN,DEN,1610612754,1610612744,124.6,100.9,1
0022500660,2026-01-09,2025,NYK,POR,1610612756,1610612761,108.2,116.0,0
0022500661,2026-01-09,2025,UTA,WAS,1610612765,1610612766,113.3,96.7,1
0022500662,2026-01-09,2025,SAC,PHI,1610612762,1610612759,118.9,107.1,1
0022500663,2026-01-09,2025,PHX,BOS,1610612760,1610612738,121.6,113.8,1
0022500664,2026-01-10,2025,SAC,MIN,1610612762,1610612754,108.9,124.5,0
0022500665,2026-01-10,2025,ATL,POR,1610612737,1610612761,113.7,116.4,0
0022500666,2026-01-10,2025,IND,HOU,1610612748,1610612747,115.4,100.0,1
0022500667,2026-01-10,2025,PHI,BKN,1610612759,1610612739,112.3,122.2,0
0022500668,2026-01-11,2025,DAL,MIL,1610612743,1610612753,108.5,119.0,0
0022500669,2026-01-11,2025,BOS,NOP,1610612738,1610612755,112.7,105.2,1
0022500670,2026-01-11,2025,PHI,SAC,1610612759,1610612762,128.6,105.8,1
0022500671,2026-01-11,2025,MIN,NYK,1610612754,1610612756,117.7,117.0,1
0022500672,2026-01-12,2025,IND,TOR,1610612748,1610612764,112.0,115.8,0
0022500673,2026-01-12,2025,PHI,DAL,1610612759,1610612743,120.2,122.6,0
0022500674,2026-01-12,2025,MIN,LAC,1610612754,1610612749,94.7,104.9,0
0022500675,2026-01-12,2025,DEN,PHX,1610612744,1610612760,95.9,93.1,1
0022500676,2026-01-12,2025,NYK,UTA,1610612756,1610612765,128.4,101.0,1
0022500677,2026-01-12,2025,HOU,LAL,1610612747,1610612750,117.7,119.8,0
0022500678,2026-01-12,2025,SAC,GSW,1610612762,1610612746,90.9,110.9,0
0022500679,2026-01-12,2025,POR,CHI,1610612761,1610612741,120.5,98.0,1
0022500680,2026-01-13,2025,ORL,BOS,1610612758,1610612738,117.1,110.2,1
0022500681,2026-01-13,2025,NYK,DEN,1610612756,1610612744,105.1,118.2,0
0022500682,2026-01-13,2025,HOU,CHA,1610612747,1610612740,124.1,108.8,1
0022500683,2026-01-13,2025,SAS,CLE,1610612763,1610612742,121.7,93.4,1
0022500684,2026-01-14,2025,DAL,CHI,1610612743,1610612741,125.2,120.2,1
0022500685,2026-01-14,2025,OKC,ORL,1610612757,1610612758,121.8,117.3,1
0022500686,2026-01-14,2025,UTA,LAC,1610612765,1610612749,113.7,111.4,1
0022500687,2026-01-14,2025,SAC,NYK,1610612762,1610612756,128.5,114.4,1
0022500688,2026-01-14,2025,CLE,SAS,1610612742,1610612763,97.0,110.0,0
0022500689,2026-01-14,2025,BKN,MIL,1610612739,1610612753,109.2,108.5,1
0022500690,2026-01-15,2025,LAC,CHI,1610612749,1610612741,114.7,125.2,0
0022500691,2026-01-15,2025,NYK,SAC,1610612756,1610612762,124.3,119.2,1
0022500692,2026-01-15,2025,LAL,HOU,1610612750,1610612747,128.8,111.3,1
0022500693,2026-01-15,2025,UTA,DAL,1610612765,1610612743,116.6,97.6,1
0022500694,2026-01-15,2025,MIA,ATL,1610612752,1610612737,102.3,114.9,0
0022500695,2026-01-15,2025,BKN,BOS,1610612739,1610612738,119.9,101.2,1
0022500696,2026-01-15,2025,MIL,DEN,1610612753,1610612744,115.7,110.4,1
0022500697,2026-01-15,2025,POR,PHI,1610612761,1610612759,107.9,100.7,1
0022500698,2026-01-16,2025,PHX,NOP,1610612760,1610612755,110.5,105.9,1
0022500699,2026-01-16,2025,HOU,LAC,1610612747,1610612749,108.4,114.7,0
0022500700,2026-01-16,2025,MIA,CHA,1610612752,1610612740,114.1,98.2,1
0022500701,2026-01-16,2025,POR,UTA,1610612761,1610612765,105.1,112.7,0
0022500702,2026-01-16,2025,BKN,BOS,1610612739,1610612738,126.7,97.2,1
0022500703,2026-01-16,2025,DEN,SAS,1610612744,1610612763,129.8,121.8,1
0022500704,2026-01-17,2025,DET,SAS,1610612745,1610612763,133.3,110.2,1
0022500705,2026-01-17,2025,UTA,IND,1610612765,1610612748,132.1,119.3,1
0022500706,2026-01-17,2025,BKN,PHX,1610612739,1610612760,124.9,96.1,1
0022500707,2026-01-17,2025,MIN,TOR,1610612754,1610612764,128.3,111.8,1
0022500708,2026-01-17,2025,NYK,ATL,1610612756,1610612737,89.4,100.6,0
0022500709,2026-01-17,2025,LAL,POR,1610612750,1610612761,106.9,119.5,0
0022500710,2026-01-17,2025,MIA,LAC,1610612752,1610612749,125.1,110.2,1
0022500711,2026-01-17,2025,ORL,OKC,1610612758,1610612757,128.2,90.9,1
0022500712,2026-01-17,2025,HOU,DEN,1610612747,1610612744,119.4,107.3,1
0022500713,2026-01-17,2025,NOP,PHI,1610612755,1610612759,111.6,114.0,0
0022500714,2026-01-18,2025,MIA,OKC,1610612752,1610612757,107.2,105.2,1
0022500715,2026-01-18,2025,ATL,CHA,1610612737,1610612740,87.3,116.0,0
0022500716,2026-01-18,2025,BKN,DEN,1610612739,1610612744,121.0,124.2,0
0022500717,2026-01-18,2025,CHI,HOU,1610612741,1610612747,108.7,106.3,1
0022500718,2026-01-18,2025,MEM,PHI,1610612751,1610612759,88.1,106.9,0
0022500719,2026-01-18,2025,BOS,LAC,1610612738,1610612749,118.8,124.9,0
0022500720,2026-01-18,2025,SAC,ORL,1610612762,1610612758,118.3,110.0,1
0022500721,2026-01-18,2025,NYK,SAS,1610612756,1610612763,104.1,101.8,1
0022500722,2026-01-18,2025,WAS,MIL,1610612766,1610612753,115.2,114.1,1
0022500723,2026-01-19,2025,CLE,CHA,1610612742,1610612740,125.7,116.0,1
0022500724,2026-01-19,2025,SAS,DET,1610612763,1610612745,111.0,115.5,0
0022500725,2026-01-19,2025,HOU,WAS,1610612747,1610612766,118.9,106.7,1
0022500726,2026-01-19,2025,POR,DEN,1610612761,1610612744,121.2,107.6,1
0022500727,2026-01-20,2025,NYK,ATL,1610612756,1610612737,103.2,106.4,0
0022500728,2026-01-20,2025,DET,CHI,1610612745,1610612741,108.4,106.4,1
0022500729,2026-01-20,2025,ORL,BOS,1610612758,1610612738,122.2,112.9,1
0022500730,2026-01-20,2025,HOU,LAC,1610612747,1610612749,113.7,110.2,1
0022500731,2026-01-20,2025,NOP,OKC,1610612755,1610612757,114.5,134.9,0
0022500732,2026-01-20,2025,DEN,MIN,1610612744,1610612754,117.5,114.7,1
0022500733,2026-01-20,2025,MEM,WAS,1610612751,1610612766,122.2,103.7,1
0022500734,2026-01-20,2025,CHA,GSW,1610612740,1610612746,119.0,113.8,1
0022500735,2026-01-20,2025,POR,CLE,1610612761,1610612742,125.7,101.7,1
0022500736,2026-01-20,2025,UTA,IND,1610612765,1610612748,125.1,99.5,1
0022500737,2026-01-21,2025,MIL,TOR,1610612753,1610612764,119.7,93.6,1
0022500738,2026-01-21,2025,DEN,MIA,1610612744,1610612752,128.8,119.9,1
0022500739,2026-01-21,2025,NOP,PHI,1610612755,1610612759,114.5,130.0,0
0022500740,2026-01-21,2025,WAS,MIN,1610612766,1610612754,110.5,103.4,1
0022500741,2026-01-21,2025,SAS,DET,1610612763,1610612745,94.0,93.5,1
0022500742,2026-01-21,2025,DAL,OKC,1610612743,1610612757,111.1,113.5,0
0022500743,2026-01-22,2025,DEN,CHI,1610612744,1610612741,114.2,91.0,1
0022500744,2026-01-22,2025,MEM,OKC,1610612751,1610612757,128.0,126.0,1
0022500745,2026-01-22,2025,CLE,ORL,1610612742,1610612758,123.4,82.3,1
0022500746,2026-01-22,2025,IND,SAS,1610612748,1610612763,118.7,117.4,1
0022500747,2026-01-22,2025,DAL,HOU,1610612743,1610612747,113.5,109.2,1
0022500748,2026-01-23,2025,SAS,DET,1610612763,1610612745,113.6,100.6,1
0022500749,2026-01-23,2025,MEM,OKC,1610612751,1610612757,108.4,101.9,1
0022500750,2026-01-23,2025,SAC,BOS,1610612762,1610612738,84.3,105.5,0
0022500751,2026-01-23,2025,TOR,LAL,1610612764,1610612750,114.4,103.8,1
0022500752,2026-01-23,2025,DAL,ORL,1610612743,1610612758,117.8,124.1,0
0022500753,2026-01-24,2025,MIL,GSW,1610612753,1610612746,124.2,103.3,1
0022500754,2026-01-24,2025,TOR,SAS,1610612764,1610612763,125.6,106.7,1
0022500755,2026-01-24,2025,POR,LAC,1610612761,1610612749,122.8,88.2,1
0022500756,2026-01-24,2025,LAL,OKC,1610612750,1610612757,113.4,107.9,1
0022500757,2026-01-24,2025,DET,BKN,1610612745,1610612739,113.7,122.2,0
0022500758,2026-01-24,2025,MIA,HOU,1610612752,1610612747,107.0,121.5,0
0022500759,2026-01-24,2025,NOP,MIN,1610612755,1610612754,110.9,109.6,1
0022500760,2026-01-24,2025,CHI,MEM,1610612741,1610612751,119.7,128.9,0
0022500761,2026-01-25,2025,UTA,DET,1610612765,1610612745,116.6,117.0,0
0022500762,2026-01-25,2025,LAL,PHI,1610612750,1610612759,94.5,117.4,0
0022500763,2026-01-25,2025,BOS,CHI,1610612738,1610612741,115.9,134.4,0
0022500764,2026-01-25,2025,BKN,LAC,1610612739,1610612749,109.3,104.1,1
0022500765,2026-01-25,2025,HOU,DEN,1610612747,1610612744,132.4,105.6,1
0022500766,2026-01-26,2025,PHX,DAL,1610612760,1610612743,119.4,121.2,0
0022500767,2026-01-26,2025,WAS,NOP,1610612766,1610612755,115.9,109.9,1
0022500768,2026-01-26,2025,UTA,CHA,1610612765,1610612740,116.4,98.6,1
0022500769,2026-01-26,2025,SAC,HOU,1610612762,1610612747,103.5,91.5,1
0022500770,2026-01-26,2025,BKN,DET,1610612739,1610612745,125.2,109.9,1
0022500771,2026-01-26,2025,CLE,MEM,1610612742,1610612751,116.8,111.2,1
0022500772,2026-01-26,2025,SAS,ORL,1610612763,1610612758,125.9,108.1,1
0022500773,2026-01-26,2025,LAC,DEN,1610612749,1610612744,107.5,101.7,1
0022500774,2026-01-26,2025,IND,PHI,1610612748,1610612759,107.9,102.9,1
0022500775,2026-01-26,2025,NYK,MIL,1610612756,1610612753,97.2,116.4,0
0022500776,2026-01-26,2025,LAL,ATL,1610612750,1610612737,116.1,104.8,1
0022500777,2026-01-27,2025,MIN,MEM,1610612754,1610612751,114.8,111.5,1
0022500778,2026-01-27,2025,UTA,CHA,1610612765,1610612740,120.4,111.2,1
0022500779,2026-01-27,2025,DEN,MIL,1610612744,1610612753,112.5,99.6,1
0022500780,2026-01-27,2025,NYK,LAC,1610612756,1610612749,115.8,108.2,1
0022500781,2026-01-27,2025,LAL,ATL,1610612750,1610612737,117.0,108.2,1
0022500782,2026-01-27,2025,DAL,POR,1610612743,1610612761,111.5,110.3,1
0022500783,2026-01-27,2025,IND,BOS,1610612748,1610612738,103.9,112.4,0
0022500784,2026-01-28,2025,BKN,TOR,1610612739,1610612764,123.0,128.4,0
0022500785,2026-01-28,2025,ATL,GSW,1610612737,1610612746,107.6,102.7,1
0022500786,2026-01-28,2025,UTA,POR,1610612765,1610612761,108.3,120.2,0
0022500787,2026-01-28,2025,PHX,IND,1610612760,1610612748,127.0,116.3,1
0022500788,2026-01-28,2025,DAL,CLE,1610612743,1610612742,112.6,120.4,0
0022500789,2026-01-28,2025,NYK,OKC,1610612756,1610612757,98.9,106.8,0
0022500790,2026-01-28,2025,CHA,DET,1610612740,1610612745,109.7,103.4,1
0022500791,2026-01-28,2025,PHI,HOU,1610612759,1610612747,107.0,101.3,1
0022500792,2026-01-28,2025,LAC,MEM,1610612749,1610612751,118.8,102.3,1
0022500793,2026-01-28,2025,BOS,WAS,1610612738,1610612766,118.3,122.9,0
0022500794,2026-01-28,2025,SAC,NOP,1610612762,1610612755,108.1,105.6,1
0022500795,2026-01-29,2025,OKC,DET,1610612757,1610612745,116.2,112.7,1
0022500796,2026-01-29,2025,CHA,CHI,1610612740,1610612741,121.6,120.1,1
0022500797,2026-01-29,2025,WAS,TOR,1610612766,1610612764,118.4,113.7,1
0022500798,2026-01-29,2025,NYK,LAC,1610612756,1610612749,118.7,109.8,1
0022500799,2026-01-29,2025,POR,ORL,1610612761,1610612758,106.0,132.4,0
0022500800,2026-01-30,2025,MIL,PHX,1610612753,1610612760,115.8,113.5,1
0022500801,2026-01-30,2025,DET,BOS,1610612745,1610612738,125.1,115.3,1
0022500802,2026-01-30,2025,TOR,LAC,1610612764,1610612749,108.3,120.4,0
0022500803,2026-01-30,2025,MIA,SAS,1610612752,1610612763,123.6,116.9,1
0022500804,2026-01-30,2025,NYK,CLE,1610612756,1610612742,119.7,118.0,1
0022500805,2026-01-30,2025,HOU,ORL,1610612747,1610612758,134.5,128.6,1
0022500806,2026-01-30,2025,SAC,POR,1610612762,1610612761,108.5,114.0,0
0022500807,2026-01-30,2025,GSW,MEM,1610612746,1610612751,101.0,123.3,0
0022500808,2026-01-30,2025,UTA,DEN,1610612765,1610612744,114.8,113.0,1
0022500809,2026-01-31,2025,POR,CHI,1610612761,1610612741,95.9,112.5,0
0022500810,2026-01-31,2025,SAC,DAL,1610612762,1610612743,121.8,99.0,1
0022500811,2026-01-31,2025,MIL,CLE,1610612753,1610612742,142.2,96.0,1
0022500812,2026-01-31,2025,TOR,SAS,1610612764,1610612763,108.4,122.8,0
0022500813,2026-01-31,2025,MIN,MIA,1610612754,1610612752,115.2,113.6,1
0022500814,2026-01-31,2025,DEN,ATL,1610612744,1610612737,111.4,87.9,1
0022500815,2026-01-31,2025,DET,BOS,1610612745,1610612738,110.4,102.2,1
0022500816,2026-01-31,2025,GSW,LAL,1610612746,1610612750,123.2,99.0,1
0022500817,2026-02-01,2025,CHI,SAC,1610612741,1610612762,115.9,97.4,1
0022500818,2026-02-01,2025,HOU,TOR,1610612747,1610612764,114.1,136.0,0
0022500819,2026-02-01,2025,MIA,GSW,1610612752,1610612746,115.1,106.4,1
0022500820,2026-02-01,2025,WAS,PHI,1610612766,1610612759,115.2,121.4,0
0022500821,2026-02-02,2025,UTA,ATL,1610612765,1610612737,141.8,102.8,1
0022500822,2026-02-02,2025,CHI,ORL,1610612741,1610612758,115.6,128.6,0
0022500823,2026-02-02,2025,PHX,CHA,1610612760,1610612740,108.8,114.3,0
0022500824,2026-02-02,2025,LAL,WAS,1610612750,1610612766,106.9,100.1,1
0022500825,2026-02-02,2025,PHI,DET,1610612759,1610612745,98.7,124.9,0
0022500826,2026-02-02,2025,IND,SAS,1610612748,1610612763,112.1,107.9,1
0022500827,2026-02-02,2025,TOR,CLE,1610612764,1610612742,107.5,105.5,1
0022500828,2026-02-02,2025,POR,SAC,1610612761,1610612762,100.5,107.7,0
0022500829,2026-02-02,2025,NOP,LAC,1610612755,1610612749,125.3,100.5,1
0022500830,2026-02-03,2025,MIA,HOU,1610612752,1610612747,114.9,127.3,0
0022500831,2026-02-03,2025,ATL,SAS,1610612737,1610612763,110.6,104.1,1
0022500832,2026-02-03,2025,MIL,NYK,1610612753,1610612756,95.2,99.4,0
0022500833,2026-02-03,2025,WAS,CHA,1610612766,1610612740,122.4,107.6,1
0022500834,2026-02-03,2025,MEM,PHI,1610612751,1610612759,96.5,105.4,0
0022500835,2026-02-03,2025,TOR,IND,1610612764,1610612748,108.1,111.0,0
0022500836,2026-02-04,2025,MIA,SAC,1610612752,1610612762,101.3,119.9,0
0022500837,2026-02-04,2025,LAL,CHA,1610612750,1610612740,110.9,95.9,1
0022500838,2026-02-04,2025,TOR,SAS,1610612764,1610612763,110.2,143.8,0
0022500839,2026-02-04,2025,POR,NOP,1610612761,1610612755,114.6,116.0,0
0022500840,2026-02-04,2025,CLE,ORL,1610612742,1610612758,105.8,106.7,0
0022500841,2026-02-04,2025,LAC,OKC,1610612749,1610612757,125.6,116.5,1
0022500842,2026-02-05,2025,ORL,WAS,1610612758,1610612766,113.6,98.0,1
0022500843,2026-02-05,2025,MIA,IND,1610612752,1610612748,106.5,110.7,0
0022500844,2026-02-05,2025,OKC,DAL,1610612757,1610612743,111.7,105.8,1
0022500845,2026-02-05,2025,NOP,MIN,1610612755,1610612754,103.0,119.1,0
0022500846,2026-02-05,2025,BOS,CHA,1610612738,1610612740,116.3,95.4,1
0022500847,2026-02-06,2025,IND,BKN,1610612748,1610612739,126.3,108.4,1
0022500848,2026-02-06,2025,BOS,UTA,1610612738,1610612765,105.0,113.0,0
0022500849,2026-02-06,2025,LAC,WAS,1610612749,1610612766,118.2,113.2,1
0022500850,2026-02-06,2025,CLE,PHX,1610612742,1610612760,118.0,103.0,1
0022500851,2026-02-06,2025,MEM,NOP,1610612751,1610612755,113.8,105.6,1
0022500852,2026-02-06,2025,DEN,SAC,1610612744,1610612762,107.6,125.7,0
0022500853,2026-02-06,2025,PHI,CHA,1610612759,1610612740,118.1,105.7,1
0022500854,2026-02-06,2025,HOU,GSW,1610612747,1610612746,112.2,125.3,0
0022500855,2026-02-06,2025,DET,POR,1610612745,1610612761,117.3,104.4,1
0022500856,2026-02-06,2025,NYK,TOR,1610612756,1610612764,121.8,120.6,1
0022500857,2026-02-06,2025,ORL,CHI,1610612758,1610612741,111.6,119.7,0
0022500858,2026-02-07,2025,CHI,NOP,1610612741,1610612755,132.4,116.9,1
0022500859,2026-02-07,2025,MIA,LAC,1610612752,1610612749,100.3,105.0,0
0022500860,2026-02-07,2025,NYK,TOR,1610612756,1610612764,113.1,102.4,1
0022500861,2026-02-07,2025,UTA,POR,1610612765,1610612761,110.0,109.7,1
0022500862,2026-02-07,2025,SAC,MEM,1610612762,1610612751,101.9,103.5,0
0022500863,2026-02-07,2025,BKN,IND,1610612739,1610612748,98.1,110.7,0
0022500864,2026-02-07,2025,ATL,ORL,1610612737,1610612758,107.6,97.8,1
0022500865,2026-02-07,2025,DET,CLE,1610612745,1610612742,104.3,119.1,0
0022500866,2026-02-07,2025,GSW,CHA,1610612746,1610612740,112.5,104.1,1
0022500867,2026-02-08,2025,MIN,NOP,1610612754,1610612755,114.3,119.2,0
0022500868,2026-02-08,2025,MEM,HOU,1610612751,1610612747,109.9,115.9,0
0022500869,2026-02-08,2025,SAS,DEN,1610612763,1610612744,106.8,120.0,0
0022500870,2026-02-08,2025,BOS,TOR,1610612738,1610612764,117.5,116.7,1
0022500871,2026-02-08,2025,CHA,MIL,1610612740,1610612753,132.5,117.8,1
0022500872,2026-02-08,2025,CLE,IND,1610612742,1610612748,119.5,102.6,1
0022500873,2026-02-08,2025,LAL,PHI,1610612750,1610612759,123.2,134.9,0
0022500874,2026-02-08,2025,PHX,NYK,1610612760,1610612756,125.2,110.5,1
0022500875,2026-02-08,2025,GSW,UTA,1610612746,1610612765,112.0,123.8,0
0022500876,2026-02-08,2025,DET,SAC,1610612745,1610612762,110.3,110.0,1
0022500877,2026-02-09,2025,ATL,DET,1610612737,1610612745,115.3,114.0,1
0022500878,2026-02-09,2025,GSW,MEM,1610612746,1610612751,112.8,127.0,0
0022500879,2026-02-09,2025,POR,NYK,1610612761,1610612756,115.4,103.2,1
0022500880,2026-02-09,2025,PHI,ORL,1610612759,1610612758,108.7,116.4,0
0022500881,2026-02-10,2025,TOR,GSW,1610612764,1610612746,111.9,117.5,0
0022500882,2026-02-10,2025,DET,HOU,1610612745,1610612747,106.2,107.4,0
0022500883,2026-02-10,2025,WAS,ATL,1610612766,1610612737,116.7,121.9,0
0022500884,2026-02-10,2025,PHX,LAC,1610612760,1610612749,113.3,108.8,1
0022500885,2026-02-10,2025,MEM,CHI,1610612751,1610612741,126.6,97.1,1
0022500886,2026-02-10,2025,UTA,PHI,1610612765,1610612759,109.1,108.6,1
0022500887,2026-02-10,2025,BKN,IND,1610612739,1610612748,121.6,112.8,1
0022500888,2026-02-10,2025,MIN,NYK,1610612754,1610612756,130.6,107.6,1
0022500889,2026-02-10,2025,CLE,SAC,1610612742,1610612762,101.9,105.8,0
0022500890,2026-02-10,2025,POR,OKC,1610612761,1610612757,114.3,124.8,0
0022500891,2026-02-11,2025,CLE,ATL,1610612742,1610612737,117.7,106.0,1
0022500892,2026-02-11,2025,OKC,DET,1610612757,1610612745,93.9,107.4,0
0022500893,2026-02-11,2025,NYK,HOU,1610612756,1610612747,109.9,126.0,0
0022500894,2026-02-11,2025,MEM,WAS,1610612751,1610612766,125.3,104.8,1
0022500895,2026-02-11,2025,SAC,CHI,1610612762,1610612741,128.2,103.8,1
0022500896,2026-02-11,2025,DEN,BKN,1610612744,1610612739,110.5,103.3,1
0022500897,2026-02-11,2025,ORL,POR,1610612758,1610612761,115.6,111.2,1
0022500898,2026-02-11,2025,CHA,MIA,1610612740,1610612752,111.9,111.0,1
0022500899,2026-02-11,2025,BOS,MIN,1610612738,1610612754,109.1,128.6,0
0022500900,2026-02-12,2025,MIN,DET,1610612754,1610612745,112.5,96.7,1
0022500901,2026-02-12,2025,BKN,DAL,1610612739,1610612743,116.0,101.8,1
0022500902,2026-02-12,2025,LAC,HOU,1610612749,1610612747,118.1,110.2,1
0022500903,2026-02-12,2025,IND,ATL,1610612748,1610612737,117.7,109.2,1
0022500904,2026-02-12,2025,NYK,LAL,1610612756,1610612750,110.7,105.0,1
0022500905,2026-02-12,2025,PHI,MIL,1610612759,1610612753,118.4,106.3,1
0022500906,2026-02-12,2025,MEM,SAS,1610612751,1610612763,133.3,125.0,1
0022500907,2026-02-12,2025,ORL,OKC,1610612758,1610612757,114.2,104.3,1
0022500908,2026-02-12,2025,CHI,BOS,1610612741,1610612738,122.2,119.6,1
0022500909,2026-02-13,2025,ORL,LAC,1610612758,1610612749,112.6,106.8,1
0022500910,2026-02-13,2025,ATL,NYK,1610612737,1610612756,127.7,106.5,1
0022500911,2026-02-13,2025,SAC,BKN,1610612762,1610612739,131.5,137.7,0
0022500912,2026-02-13,2025,HOU,OKC,1610612747,1610612757,104.5,107.8,0
0022500913,2026-02-13,2025,MIA,MEM,1610612752,1610612751,103.7,104.6,0
0022500914,2026-02-13,2025,BOS,CHI,1610612738,1610612741,112.4,109.0,1
0022500915,2026-02-13,2025,DEN,TOR,1610612744,1610612764,129.9,120.0,1
0022500916,2026-02-13,2025,UTA,CLE,1610612765,1610612742,114.4,98.9,1
0022500917,2026-02-13,2025,IND,DAL,1610612748,1610612743,98.1,110.1,0
0022500918,2026-02-13,2025,PHI,SAS,1610612759,1610612763,126.2,108.0,1
0022500919,2026-02-13,2025,MIL,CHA,1610612753,1610612740,107.4,101.7,1
0022500920,2026-02-14,2025,LAL,BOS,1610612750,1610612738,115.3,98.2,1
0022500921,2026-02-14,2025,BKN,MIA,1610612739,1610612752,121.7,123.8,0
0022500922,2026-02-14,2025,DAL,OKC,1610612743,1610612757,90.2,120.1,0
0022500923,2026-02-14,2025,LAC,TOR,1610612749,1610612764,114.1,130.2,0
0022500924,2026-02-14,2025,POR,WAS,1610612761,1610612766,107.8,120.2,0
0022500925,2026-02-14,2025,HOU,GSW,1610612747,1610612746,96.7,113.1,0
0022500926,2026-02-14,2025,NOP,CHI,1610612755,1610612741,111.2,112.4,0
0022500927,2026-02-14,2025,CHA,PHX,1610612740,1610612760,117.1,107.2,1
0022500928,2026-02-14,2025,CLE,DEN,1610612742,1610612744,129.4,115.6,1
0022500929,2026-02-14,2025,MEM,SAC,1610612751,1610612762,96.6,92.6,1
0022500930,2026-02-14,2025,SAS,MIL,1610612763,1610612753,122.2,115.9,1
0022500931,2026-02-15,2025,PHI,DET,1610612759,1610612745,112.9,111.1,1
0022500932,2026-02-15,2025,POR,UTA,1610612761,1610612765,112.0,117.1,0
0022500933,2026-02-15,2025,SAC,OKC,1610612762,1610612757,123.2,122.8,1
0022500934,2026-02-15,2025,PHX,BKN,1610612760,1610612739,104.0,115.0,0
0022500935,2026-02-15,2025,HOU,WAS,1610612747,1610612766,116.4,91.6,1
0022500936,2026-02-16,2025,ORL,BKN,1610612758,1610612739,115.7,114.0,1
0022500937,2026-02-16,2025,LAL,PHI,1610612750,1610612759,118.2,113.8,1
0022500938,2026-02-16,2025,NYK,MEM,1610612756,1610612751,132.2,127.0,1
0022500939,2026-02-16,2025,MIL,OKC,1610612753,1610612757,106.0,105.0,1
0022500940,2026-02-16,2025,MIN,SAC,1610612754,1610612762,107.4,113.3,0
0022500941,2026-02-16,2025,GSW,POR,1610612746,1610612761,124.6,131.3,0
0022500942,2026-02-16,2025,CHI,NOP,1610612741,1610612755,106.0,98.5,1
0022500943,2026-02-16,2025,DAL,SAS,1610612743,1610612763,118.7,97.3,1
0022500944,2026-02-16,2025,DET,HOU,1610612745,1610612747,125.3,106.6,1
0022500945,2026-02-16,2025,LAC,TOR,1610612749,1610612764,98.2,116.1,0
0022500946,2026-02-17,2025,MIL,IND,1610612753,1610612748,83.7,99.4,0
0022500947,2026-02-17,2025,DAL,SAS,1610612743,1610612763,109.2,108.4,1
0022500948,2026-02-17,2025,MIN,WAS,1610612754,1610612766,112.2,115.2,0
0022500949,2026-02-17,2025,HOU,NYK,1610612747,1610612756,123.2,91.6,1
0022500950,2026-02-18,2025,MIA,IND,1610612752,1610612748,113.2,112.1,1
0022500951,2026-02-18,2025,WAS,PHI,1610612766,1610612759,109.7,110.3,0
0022500952,2026-02-18,2025,DEN,PHX,1610612744,1610612760,116.8,109.5,1
0022500953,2026-02-18,2025,TOR,LAC,1610612764,1610612749,118.9,117.5,1
0022500954,2026-02-18,2025,BOS,GSW,1610612738,1610612746,113.3,100.2,1
0022500955,2026-02-18,2025,OKC,ORL,1610612757,1610612758,110.4,122.2,0
0022500956,2026-02-18,2025,NOP,NYK,1610612755,1610612756,112.0,115.4,0
0022500957,2026-02-18,2025,SAC,MIN,1610612762,1610612754,117.1,113.4,1
0022500958,2026-02-18,2025,CHI,ATL,1610612741,1610612737,125.4,102.9,1
0022500959,2026-02-18,2025,DAL,UTA,1610612743,1610612765,113.5,115.2,0
0022500960,2026-02-19,2025,MIN,BKN,1610612754,1610612739,129.1,120.6,1
0022500961,2026-02-19,2025,DAL,LAC,1610612743,1610612749,89.9,102.8,0
0022500962,2026-02-19,2025,DET,CLE,1610612745,1610612742,136.8,113.1,1
0022500963,2026-02-19,2025,UTA,CHI,1610612765,1610612741,107.7,109.0,0
0022500964,2026-02-19,2025,ATL,PHX,1610612737,1610612760,98.7,108.4,0
0022500965,2026-02-19,2025,WAS,TOR,1610612766,1610612764,118.6,122.2,0
0022500966,2026-02-19,2025,SAS,LAL,1610612763,1610612750,91.9,109.4,0
0022500967,2026-02-19,2025,BOS,NOP,1610612738,1610612755,129.5,128.5,1
0022500968,2026-02-19,2025,MIL,NYK,1610612753,1610612756,116.2,100.5,1
0022500969,2026-02-19,2025,HOU,ORL,1610612747,1610612758,110.6,108.5,1
0022500970,2026-02-20,2025,MIL,LAC,1610612753,1610612749,105.0,118.5,0
0022500971,2026-02-20,2025,DAL,OKC,1610612743,1610612757,116.1,93.8,1
0022500972,2026-02-20,2025,TOR,WAS,1610612764,1610612766,111.5,113.4,0
0022500973,2026-02-20,2025,CLE,NYK,1610612742,1610612756,110.3,105.9,1
0022500974,2026-02-20,2025,MIA,DEN,1610612752,1610612744,116.1,123.4,0
0022500975,2026-02-20,2025,HOU,UTA,1610612747,1610612765,113.1,125.3,0
0022500976,2026-02-20,2025,PHX,ORL,1610612760,1610612758,116.1,121.5,0
0022500977,2026-02-20,2025,ATL,SAC,1610612737,1610612762,114.1,113.3,1
0022500978,2026-02-20,2025,CHI,MIN,1610612741,1610612754,122.8,108.3,1
0022500979,2026-02-20,2025,BOS,GSW,1610612738,1610612746,92.0,118.4,0
0022500980,2026-02-21,2025,BOS,HOU,1610612738,1610612747,109.4,115.1,0
0022500981,2026-02-21,2025,DAL,MIL,1610612743,1610612753,125.0,106.2,1
0022500982,2026-02-21,2025,CLE,PHX,1610612742,1610612760,106.9,104.5,1
0022500983,2026-02-21,2025,SAC,SAS,1610612762,1610612763,113.1,125.1,0
0022500984,2026-02-21,2025,DET,CHA,1610612745,1610612740,107.0,112.7,0
0022500985,2026-02-21,2025,POR,IND,1610612761,1610612748,114.0,101.9,1
0022500986,2026-02-21,2025,CHI,WAS,1610612741,1610612766,116.9,112.4,1
0022500987,2026-02-21,2025,NYK,PHI,1610612756,1610612759,112.7,106.3,1
0022500988,2026-02-22,2025,OKC,NOP,1610612757,1610612755,109.6,112.8,0
0022500989,2026-02-22,2025,BKN,IND,1610612739,1610612748,109.0,117.7,0
0022500990,2026-02-22,2025,SAS,DET,1610612763,1610612745,115.8,118.1,0
0022500991,2026-02-22,2025,LAL,UTA,1610612750,1610612765,107.2,93.6,1
0022500992,2026-02-23,2025,TOR,MIN,1610612764,1610612754,125.0,103.2,1
0022500993,2026-02-23,2025,IND,UTA,1610612748,1610612765,130.6,132.2,0
0022500994,2026-02-23,2025,CHI,DET,1610612741,1610612745,90.9,114.0,0
0022500995,2026-02-23,2025,LAC,NOP,1610612749,1610612755,117.4,114.0,1
0022500996,2026-02-23,2025,MIL,SAS,1610612753,1610612763,110.3,115.5,0
0022500997,2026-02-24,2025,HOU,LAC,1610612747,1610612749,97.9,120.2,0
0022500998,2026-02-24,2025,MEM,MIA,1610612751,1610612752,110.3,100.5,1
0022500999,2026-02-24,2025,ORL,POR,1610612758,1610612761,113.9,115.5,0
0022501000,2026-02-24,2025,WAS,BKN,1610612766,1610612739,129.8,121.9,1
0022501001,2026-02-24,2025,OKC,SAC,1610612757,1610612762,133.4,105.9,1
0022501002,2026-02-24,2025,CLE,MIN,1610612742,1610612754,116.0,126.4,0
0022501003,2026-02-24,2025,SAS,IND,1610612763,1610612748,118.1,114.0,1
0022501004,2026-02-24,2025,UTA,TOR,1610612765,1610612764,107.7,123.7,0
0022501005,2026-02-24,2025,DEN,DET,1610612744,1610612745,94.6,104.3,0
0022501006,2026-02-25,2025,LAL,LAC,1610612750,1610612749,113.7,95.0,1
0022501007,2026-02-25,2025,MIA,DET,1610612752,1610612745,102.6,118.9,0
0022501008,2026-02-25,2025,MIL,PHI,1610612753,1610612759,110.9,121.0,0
0022501009,2026-02-25,2025,CLE,WAS,1610612742,1610612766,115.8,126.0,0
0022501010,2026-02-26,2025,BKN,DAL,1610612739,1610612743,121.4,117.2,1
0022501011,2026-02-26,2025,SAS,PHI,1610612763,1610612759,113.5,108.9,1
0022501012,2026-02-26,2025,CHA,BOS,1610612740,1610612738,107.6,114.0,0
0022501013,2026-02-26,2025,PHX,MEM,1610612760,1610612751,123.9,93.1,1
0022501014,2026-02-26,2025,CHI,NYK,1610612741,1610612756,117.0,104.7,1
0022501015,2026-02-26,2025,HOU,DEN,1610612747,1610612744,103.3,118.3,0
0022501016,2026-02-26,2025,WAS,LAL,1610612766,1610612750,131.0,110.6,1
0022501017,2026-02-26,2025,DET,TOR,1610612745,1610612764,125.6,108.9,1
0022501018,2026-02-26,2025,MIA,POR,1610612752,1610612761,117.5,114.9,1
0022501019,2026-02-26,2025,ORL,NOP,1610612758,1610612755,110.3,115.7,0
0022501020,2026-02-27,2025,CHI,DAL,1610612741,1610612743,107.3,115.0,0
0022501021,2026-02-27,2025,ORL,SAC,1610612758,1610612762,140.3,108.7,1
0022501022,2026-02-27,2025,SAS,CHA,1610612763,1610612740,100.7,112.4,0
0022501023,2026-02-27,2025,PHX,BOS,1610612760,1610612738,99.8,107.1,0
0022501024,2026-02-27,2025,LAC,OKC,1610612749,1610612757,108.6,107.5,1
0022501025,2026-02-28,2025,OKC,CHI,1610612757,1610612741,106.0,100.9,1
0022501026,2026-02-28,2025,MEM,LAC,1610612751,1610612749,109.5,108.6,1
0022501027,2026-02-28,2025,CLE,DET,1610612742,1610612745,109.5,88.0,1
0022501028,2026-02-28,2025,PHI,BKN,1610612759,1610612739,115.4,113.4,1
0022501029,2026-03-01,2025,CHI,PHX,1610612741,1610612760,126.9,120.3,1
0022501030,2026-03-01,2025,ORL,PHI,1610612758,1610612759,116.5,115.2,1
0022501031,2026-03-01,2025,CLE,MIA,1610612742,1610612752,107.5,98.9,1
0022501032,2026-03-01,2025,GSW,OKC,1610612746,1610612757,110.6,119.1,0
0022501033,2026-03-01,2025,SAC,CHA,1610612762,1610612740,114.8,116.4,0
0022501034,2026-03-01,2025,MIN,ATL,1610612754,1610612737,107.3,110.0,0
0022501035,2026-03-01,2025,UTA,DET,1610612765,1610612745,121.7,82.6,1
0022501036,2026-03-01,2025,LAL,TOR,1610612750,1610612764,91.8,121.3,0
0022501037,2026-03-01,2025,POR,BKN,1610612761,1610612739,121.7,97.6,1
0022501038,2026-03-01,2025,DAL,WAS,1610612743,1610612766,104.4,116.1,0
0022501039,2026-03-01,2025,SAS,IND,1610612763,1610612748,103.6,93.3,1
0022501040,2026-03-02,2025,PHX,BKN,1610612760,1610612739,130.8,93.6,1
0022501041,2026-03-02,2025,TOR,OKC,1610612764,1610612757,118.8,118.0,1
0022501042,2026-03-02,2025,LAC,NYK,1610612749,1610612756,118.7,103.8,1
0022501043,2026-03-02,2025,DEN,DET,1610612744,1610612745,112.6,111.3,1
0022501044,2026-03-02,2025,MIL,MIN,1610612753,1610612754,112.9,117.6,0
0022501045,2026-03-03,2025,DAL,WAS,1610612743,1610612766,108.7,117.9,0
0022501046,2026-03-03,2025,PHI,BKN,1610612759,1610612739,111.1,125.7,0
0022501047,2026-03-03,2025,SAC,MIN,1610612762,1610612754,114.8,101.2,1
0022501048,2026-03-03,2025,LAC,TOR,1610612749,1610612764,106.6,112.2,0
0022501049,2026-03-03,2025,NYK,BOS,1610612756,1610612738,114.1,103.6,1
0022501050,2026-03-03,2025,SAS,GSW,1610612763,1610612746,111.6,104.2,1
0022501051,2026-03-04,2025,DET,ATL,1610612745,1610612737,107.2,105.3,1
0022501052,2026-03-04,2025,NOP,UTA,1610612755,1610612765,115.7,114.5,1
0022501053,2026-03-04,2025,DEN,MIA,1610612744,1610612752,124.6,103.2,1
0022501054,2026-03-04,2025,NYK,BOS,1610612756,1610612738,118.6,107.0,1
0022501055,2026-03-04,2025,POR,WAS,1610612761,1610612766,120.4,107.0,1
0022501056,2026-03-04,2025,LAL,CLE,1610612750,1610612742,106.2,116.1,0
0022501057,2026-03-04,2025,BKN,MEM,1610612739,1610612751,93.6,121.0,0
0022501058,2026-03-04,2025,PHX,MIN,1610612760,1610612754,120.5,110.2,1
0022501059,2026-03-04,2025,TOR,ORL,1610612764,1610612758,86.0,122.8,0
0022501060,2026-03-05,2025,MIA,ATL,1610612752,1610612737,130.4,103.8,1
0022501061,2026-03-05,2025,MIL,MIN,1610612753,1610612754,117.7,112.9,1
0022501062,2026-03-05,2025,LAL,CHA,1610612750,1610612740,99.9,98.7,1
0022501063,2026-03-05,2025,MEM,ORL,1610612751,1610612758,123.6,110.1,1
0022501064,2026-03-05,2025,NOP,DEN,1610612755,1610612744,112.7,115.0,0
0022501065,2026-03-05,2025,NYK,BKN,1610612756,1610612739,112.9,111.4,1
0022501066,2026-03-05,2025,DET,GSW,1610612745,1610612746,105.4,123.3,0
0022501067,2026-03-05,2025,LAC,BOS,1610612749,1610612738,110.0,108.2,1
0022501068,2026-03-05,2025,PHX,OKC,1610612760,1610612757,104.0,110.1,0
0022501069,2026-03-05,2025,SAC,DAL,1610612762,1610612743,93.0,104.1,0
