team_abbreviation_home,team_abbreviation_away,lambda_h,actual_home_pts,home_error,lambda_a,actual_away_pts,away_error,home_win
GSW,PHI,117.3198,119.0,1.6801986694335938,115.004776,107.0,-8.004776000976562,1
NYK,UTA,117.96856,118.0,0.0314407348632812,109.369934,103.0,-6.36993408203125,1
PHI,DAL,116.59986,102.0,-14.599861145019531,113.272064,118.0,4.727935791015625,0
ATL,HOU,123.048454,122.0,-1.0484542846679688,116.07674,113.0,-3.0767364501953125,1
BKN,SAS,116.8462,123.0,6.153800964355469,109.1086,103.0,-6.1085968017578125,1
ORL,OKC,108.62639,113.0,4.3736114501953125,109.1202,127.0,17.879798889160156,0
NOP,WAS,116.33112,133.0,16.66887664794922,108.89093,126.0,17.10906982421875,1
DET,ORL,107.893616,109.0,1.10638427734375,109.33119,112.0,2.668807983398437,0
SAC,MIA,111.47124,110.0,-1.4712371826171875,109.56406,121.0,11.435943603515623,0
CLE,DAL,111.78336,121.0,9.216636657714844,107.410675,119.0,11.589324951171877,1
ORL,UTA,114.21966,115.0,0.7803421020507812,112.030266,107.0,-5.030265808105469,1
MIA,UTA,114.04409,126.0,11.955909729003906,105.16995,120.0,14.830047607421877,1
SAS,IND,116.70471,117.0,0.2952880859375,119.02097,105.0,-14.020973205566406,1
LAL,OKC,113.657936,116.0,2.3420639038085938,114.54697,104.0,-10.546966552734377,1
DEN,BOS,107.49589,115.0,7.504112243652344,107.201195,109.0,1.7988052368164062,1
PHI,NOP,109.80757,95.0,-14.807571411132812,109.55277,103.0,-6.552772521972656,0
GSW,SAS,115.99872,113.0,-2.99871826171875,109.64444,126.0,16.355560302734375,0
ATL,NOP,110.5871,103.0,-7.58709716796875,112.16384,116.0,3.8361587524414062,0
MIA,DEN,109.22255,88.0,-21.22254943847656,103.51022,100.0,-3.510223388671875,0
CHA,PHX,107.882706,96.0,-11.882705688476562,107.04882,107.0,-0.0488204956054687,0
UTA,ATL,114.01592,124.0,9.98407745361328,111.71601,122.0,10.28398895263672,1
LAC,ATL,111.468575,93.0,-18.46857452392578,107.28501,110.0,2.7149887084960938,0
LAL,ATL,111.012405,136.0,24.987594604492188,111.08759,105.0,-6.087593078613281,1
SAC,MEM,112.50661,121.0,8.493392944335938,102.58498,111.0,8.415023803710938,1
WAS,HOU,111.29931,114.0,2.7006912231445312,111.89573,137.0,25.104270935058597,0
GSW,MEM,113.261856,137.0,23.73814392089844,101.87138,116.0,14.128616333007812,1
OKC,UTA,121.72658,119.0,-2.7265777587890625,110.73975,107.0,-3.7397537231445312,1
TOR,OKC,113.39317,103.0,-10.393173217773438,112.54567,123.0,10.454330444335938,0
MIA,NOP,105.16414,88.0,-17.164138793945312,105.2294,111.0,5.770599365234375,0
UTA,DAL,112.66863,105.0,-7.668632507324219,114.85725,115.0,0.1427536010742187,0
DEN,MEM,113.187836,128.0,14.812164306640623,103.250336,103.0,-0.250335693359375,1
SAC,PHI,108.89965,108.0,-0.8996505737304688,103.608246,96.0,-7.608245849609375,1
NOP,BOS,105.941154,92.0,-13.941154479980469,108.09166,104.0,-4.0916595458984375,0
NYK,OKC,110.346054,112.0,1.6539459228515625,107.73419,113.0,5.26580810546875,0
WAS,MIL,114.249344,117.0,2.7506561279296875,124.59138,113.0,-11.59137725830078,1
DEN,ATL,116.12152,142.0,25.87847900390625,104.06704,110.0,5.932960510253906,1
CHA,DAL,102.22583,104.0,1.774169921875,111.73918,130.0,18.260818481445312,0
CHI,NYK,103.682175,117.0,13.317825317382812,110.68279,128.0,17.31720733642578,0
OKC,SAC,114.16913,112.0,-2.16912841796875,109.42987,105.0,-4.42987060546875,1
MIN,ATL,114.12156,109.0,-5.121559143066406,106.819214,106.0,-0.8192138671875,1
SAS,DEN,110.425064,121.0,10.574935913085938,112.44102,120.0,7.558982849121094,1
HOU,CHA,114.474236,105.0,-9.474235534667969,114.57985,110.0,-4.579849243164063,0
ATL,BKN,116.82631,120.0,3.173690795898437,116.8257,116.0,-0.8256988525390625,1
NOP,CHI,110.03605,123.0,12.963951110839844,111.409485,111.0,-0.40948486328125,1
MEM,ORL,101.58587,124.0,22.41413116455078,101.200775,111.0,9.799224853515623,1
MIN,TOR,114.27577,112.0,-2.2757720947265625,106.50083,101.0,-5.500831604003906,1
CHI,OKC,103.91535,95.0,-8.915351867675781,104.324646,114.0,9.67535400390625,0
OKC,ATL,110.16662,128.0,17.83338165283203,106.447014,104.0,-2.4470138549804688,1
POR,NOP,108.17875,125.0,16.821250915527344,108.70152,103.0,-5.7015228271484375,1
GSW,LAC,114.72796,104.0,-10.72795867919922,105.11937,112.0,6.880630493164063,0
MEM,CHI,108.354225,123.0,14.645774841308594,109.248795,126.0,16.751205444335938,0
SAS,HOU,118.637375,101.0,-17.637374877929688,112.585495,106.0,-6.585494995117188,0
DAL,UTA,111.63118,110.0,-1.6311798095703125,103.280716,102.0,-1.2807159423828125,1
TOR,DEN,103.7669,125.0,21.23310089111328,106.86323,127.0,20.13677215576172,0
BKN,DEN,109.29496,139.0,29.705039978027344,109.56217,144.0,34.437828063964844,0
MIN,DAL,107.38533,114.0,6.614669799804688,104.52542,120.0,15.474578857421877,0
GSW,NOP,116.43024,104.0,-12.43023681640625,101.22148,89.0,-12.221481323242188,1
CHA,TOR,112.94108,138.0,25.058921813964844,109.491875,133.0,23.50812530517578,1
CHI,ORL,105.87601,102.0,-3.876007080078125,102.555,99.0,-3.555000305175781,1
CLE,LAL,105.88297,134.0,28.117027282714844,110.255325,110.0,-0.2553253173828125,1
PHI,DET,112.90753,95.0,-17.90753173828125,98.38775,105.0,6.612251281738281,0
OKC,SAS,111.19099,105.0,-6.190986633300781,110.48268,93.0,-17.482681274414062,1
IND,BOS,108.19031,135.0,26.8096923828125,112.503555,132.0,19.49644470214844,1
UTA,SAS,110.63821,88.0,-22.638206481933597,109.95549,106.0,-3.955490112304688,0
LAC,PHX,109.81213,119.0,9.1878662109375,106.73846,125.0,18.26154327392578,0
MEM,MIL,114.411644,122.0,7.588356018066406,112.25041,99.0,-13.250411987304688,1
ATL,SAC,114.72336,115.0,0.276641845703125,115.028854,123.0,7.9711456298828125,0
NOP,IND,114.90063,125.0,10.099372863769531,109.16178,118.0,8.838218688964844,1
BKN,CHI,108.67566,120.0,11.3243408203125,109.658295,112.0,2.341705322265625,1
TOR,LAL,113.93278,125.0,11.067222595214844,108.82122,131.0,22.17877960205078,0
CHA,BOS,107.48497,103.0,-4.4849700927734375,112.50988,113.0,0.4901199340820312,0
TOR,SAC,110.95705,131.0,20.042953491210938,107.1457,128.0,20.85430145263672,1
PHI,MEM,110.17592,107.0,-3.1759185791015625,106.36578,124.0,17.63421630859375,0
DAL,ORL,101.85857,108.0,6.1414337158203125,101.65283,85.0,-16.65283203125,1
NOP,ATL,113.58209,111.0,-2.58209228515625,110.719475,126.0,15.280525207519531,0
ATL,BOS,109.69406,93.0,-16.694061279296875,119.29501,123.0,3.704986572265625,0
CHI,UTA,112.96623,126.0,13.033767700195312,108.808815,135.0,26.191184997558597,0
WAS,GSW,111.4673,112.0,0.5326995849609375,121.84516,125.0,3.1548385620117188,0
MIA,SAC,105.8756,110.0,4.124397277832031,109.393875,111.0,1.6061248779296875,0
DAL,IND,112.800606,127.0,14.19939422607422,105.5846,134.0,28.41539764404297,0
BKN,MEM,111.51951,106.0,-5.519508361816406,109.74377,104.0,-5.743766784667969,1
HOU,NYK,110.22053,109.0,-1.2205276489257812,105.47063,97.0,-8.470626831054688,1
DET,LAL,109.05685,115.0,5.943153381347656,110.55051,103.0,-7.550506591796875,1
MIN,CHA,113.58745,114.0,0.4125518798828125,112.61508,93.0,-19.61508178710937,1
OKC,ORL,107.25759,102.0,-5.257591247558594,99.89173,86.0,-13.891731262207031,1
DEN,TOR,114.338455,121.0,6.661544799804688,107.851845,119.0,11.148155212402344,1
PHX,PHI,108.58584,118.0,9.414161682128906,107.12353,116.0,8.876472473144531,1
NOP,POR,114.50863,100.0,-14.508628845214844,106.98039,118.0,11.019607543945312,0
LAC,PHI,107.29289,110.0,2.7071075439453125,108.54298,98.0,-10.542976379394531,1
NOP,CLE,106.060036,122.0,15.939964294433594,108.125946,131.0,22.874053955078125,0
DAL,CHI,108.747765,119.0,10.252235412597656,105.45664,99.0,-6.456642150878906,1
SAC,TOR,117.7833,122.0,4.216697692871094,111.70962,107.0,-4.709617614746094,1
PHX,MIA,106.77404,115.0,8.225959777832031,103.26643,112.0,8.733566284179688,1
BOS,GSW,111.22848,112.0,0.7715225219726562,108.42131,118.0,9.578689575195312,0
MIL,UTA,116.72174,123.0,6.27825927734375,111.38102,100.0,-11.381019592285156,1
CHI,MIN,111.74259,119.0,7.257408142089844,112.009544,135.0,22.990455627441406,0
ORL,NOP,105.13115,115.0,9.868850708007812,108.597336,88.0,-20.597335815429688,1
CLE,GSW,105.64493,136.0,30.35507202148437,110.493484,117.0,6.506515502929688,1
MEM,WAS,118.834625,128.0,9.165374755859377,109.09658,104.0,-5.096580505371094,1
CHA,IND,112.50811,103.0,-9.50811004638672,112.50865,83.0,-29.50865173339844,1
DEN,MIA,105.73635,135.0,29.263648986816406,104.69052,122.0,17.309478759765625,1
LAL,PHI,109.46061,116.0,6.539390563964844,112.48977,106.0,-6.489768981933594,1
LAC,TOR,114.46223,105.0,-9.46222686767578,107.94332,103.0,-4.943321228027344,1
POR,MEM,110.95588,89.0,-21.95587921142578,113.70369,134.0,20.296310424804688,0
LAL,TOR,114.30324,123.0,8.696762084960938,114.91614,103.0,-11.9161376953125,1
DET,HOU,103.62504,99.0,-4.625038146972656,107.74981,101.0,-6.749809265136719,0
MIL,BOS,108.06213,107.0,-1.0621337890625,114.105064,113.0,-1.1050643920898438,0
MIN,MIA,106.42966,94.0,-12.429656982421877,105.02663,95.0,-10.026626586914062,0
OKC,GSW,112.76828,116.0,3.231719970703125,108.39071,127.0,18.60929107666016,0
OKC,LAC,112.434265,134.0,21.56573486328125,106.15232,128.0,21.847679138183597,1
HOU,WAS,115.30173,107.0,-8.301727294921875,106.13303,92.0,-14.133033752441406,1
NOP,BKN,109.99513,105.0,-4.995132446289063,111.09708,107.0,-4.097076416015625,0
BOS,ATL,116.47177,116.0,-0.471771240234375,108.39324,117.0,8.606758117675781,0
SAS,WAS,114.38879,139.0,24.61121368408203,108.290794,130.0,21.709205627441406,1
POR,MIN,110.04487,106.0,-4.044868469238281,115.19522,98.0,-17.195220947265625,1
ORL,IND,111.01511,94.0,-17.015106201171875,109.37854,90.0,-19.3785400390625,1
HOU,LAC,107.28987,125.0,17.710128784179688,103.457275,104.0,0.542724609375,1
SAC,MIN,115.87521,126.0,10.124786376953123,112.105934,130.0,17.894065856933594,0
ATL,WAS,118.99816,129.0,10.001838684082031,119.287735,117.0,-2.2877349853515625,1
NOP,DEN,112.24709,101.0,-11.247093200683594,110.23677,94.0,-16.236770629882812,1
DAL,SAS,111.05815,110.0,-1.0581512451171875,107.870255,93.0,-14.870254516601562,1
NOP,LAL,117.47783,99.0,-18.477828979492188,113.39279,104.0,-9.392791748046877,0
CHI,HOU,105.44759,107.0,1.5524063110351562,107.24389,143.0,35.75611114501953,0
IND,MIA,109.7198,119.0,9.280197143554688,110.46293,110.0,-0.4629287719726562,1
POR,ATL,114.11998,114.0,-0.1199798583984375,114.26542,110.0,-4.265419006347656,1
OKC,DAL,110.89156,119.0,8.108436584472656,110.00416,121.0,10.995841979980469,0
WAS,DET,110.24108,104.0,-6.241081237792969,107.32369,124.0,16.676307678222656,0
CLE,CHA,114.00108,128.0,13.998916625976562,106.47504,114.0,7.52496337890625,1
NYK,BKN,113.22741,114.0,0.7725906372070312,110.37342,104.0,-6.373420715332031,1
SAC,ATL,120.39531,108.0,-12.395309448242188,116.515045,109.0,-7.515045166015625,0
MIL,HOU,109.55094,101.0,-8.550941467285156,109.403625,100.0,-9.40362548828125,1
PHX,ORL,106.340836,99.0,-7.3408355712890625,102.869774,109.0,6.130226135253906,0
MEM,DEN,111.036545,110.0,-1.0365447998046875,102.687706,122.0,19.312294006347656,0
MEM,PHI,113.55577,117.0,3.4442291259765625,103.173065,111.0,7.826934814453125,1
MIL,CHI,113.62136,122.0,8.378639221191406,112.258766,106.0,-6.258766174316406,1
CLE,NOP,112.39379,128.0,15.606208801269531,103.8258,100.0,-3.8257980346679688,1
GSW,ATL,117.49055,120.0,2.5094528198242188,108.27758,97.0,-11.277580261230469,1
LAC,ORL,104.16255,104.0,-0.1625518798828125,102.21925,93.0,-9.219253540039062,1
HOU,IND,115.483795,130.0,14.516204833984377,104.8164,113.0,8.183601379394531,1
PHX,NYK,108.97975,122.0,13.020248413085938,111.88623,138.0,26.11376953125,0
TOR,MIN,113.05455,110.0,-3.054550170898437,112.901985,105.0,-7.901985168457031,1
CHA,DET,100.07466,123.0,22.925338745117188,108.24733,121.0,12.752670288085938,1
LAL,ORL,106.795784,118.0,11.204216003417969,102.47439,119.0,16.525611877441406,0
SAS,UTA,113.78505,126.0,12.214950561523438,108.47245,118.0,9.527549743652344,1
DEN,DAL,112.879,120.0,7.121002197265625,109.49783,123.0,13.502166748046877,0
CHI,ATL,114.91071,136.0,21.08928680419922,114.78503,122.0,7.214973449707031,1
HOU,POR,111.93543,98.0,-13.935432434082031,103.26949,104.0,0.7305068969726562,0
MIL,CHA,117.96237,125.0,7.037628173828125,103.084015,119.0,15.915985107421877,1
UTA,NYK,111.365776,121.0,9.63422393798828,113.0986,106.0,-7.098602294921875,1
BOS,MIN,116.730644,107.0,-9.73064422607422,109.24885,105.0,-4.248847961425781,1
SAC,BKN,115.76504,103.0,-12.765037536621094,107.844025,108.0,0.155975341796875,0
PHI,LAC,108.7765,99.0,-9.776496887207031,106.57892,125.0,18.42108154296875,0
MIA,DAL,107.89104,123.0,15.108963012695312,109.03683,118.0,8.963172912597656,1
ATL,DAL,114.475815,119.0,4.524185180664063,120.73674,129.0,8.263259887695312,0
DEN,NYK,115.14415,118.0,2.8558502197265625,108.04462,145.0,36.95538330078125,0
MEM,POR,113.54651,123.0,9.4534912109375,102.64022,98.0,-4.640220642089844,1
BOS,LAC,113.206406,126.0,12.793594360351562,108.61277,94.0,-14.612770080566406,1
GSW,BKN,115.675316,120.0,4.324684143066406,108.568085,128.0,19.431915283203125,0
WAS,CHI,111.33997,108.0,-3.3399734497070312,115.955086,127.0,11.044914245605469,0
PHX,LAL,117.01598,127.0,9.984016418457031,112.441124,100.0,-12.441123962402344,1
WAS,LAC,105.31604,96.0,-9.3160400390625,116.17635,121.0,4.823646545410156,0
PHI,HOU,103.058556,115.0,11.941444396972656,107.6236,122.0,14.37640380859375,0
SAS,LAL,116.8067,101.0,-15.80670166015625,111.79259,119.0,7.207412719726562,0
PHX,BKN,114.99874,117.0,2.001258850097656,109.586784,127.0,17.41321563720703,0
CHA,MIA,104.14189,94.0,-10.141891479492188,108.3813,98.0,-10.381301879882812,0
IND,POR,109.018265,121.0,11.981735229492188,108.60386,114.0,5.396141052246094,1
MEM,DET,115.84969,131.0,15.150306701660156,102.05469,111.0,8.9453125,1
DAL,NYK,112.44295,129.0,16.557052612304688,109.76747,114.0,4.2325286865234375,1
NOP,TOR,110.39279,93.0,-17.392791748046875,109.8213,119.0,9.178703308105469,0
UTA,DEN,112.774895,103.0,-9.774894714355469,112.38174,122.0,9.618263244628906,0
MIN,LAC,106.9452,93.0,-13.945198059082031,108.05214,92.0,-16.052139282226562,1
ATL,CLE,115.627556,117.0,1.3724441528320312,116.065994,101.0,-15.065994262695312,1
DET,PHI,106.478745,96.0,-10.478744506835938,109.27448,111.0,1.7255172729492188,0
MEM,IND,118.60207,136.0,17.397926330566406,106.62314,121.0,14.376861572265623,1
BKN,ORL,108.39567,92.0,-16.395668029785156,103.35033,100.0,-3.350326538085937,0
NYK,NOP,110.87142,118.0,7.128578186035156,104.13519,85.0,-19.13519287109375,1
DEN,GSW,113.89834,119.0,5.101661682128906,108.8603,115.0,6.139701843261719,1
NYK,ORL,106.43915,121.0,14.56085205078125,104.36052,106.0,1.6394805908203125,1
LAC,POR,112.26519,127.0,14.73480987548828,105.32674,105.0,-0.3267364501953125,1
TOR,IND,116.525826,122.0,5.474174499511719,106.88086,111.0,4.119140625,1
MIA,LAL,109.25807,134.0,24.741928100585938,108.04312,93.0,-15.043121337890623,1
LAC,MIN,111.81407,80.0,-31.81407165527344,106.32902,108.0,1.6709823608398438,0
BKN,IND,116.84542,99.0,-17.845420837402344,110.69535,90.0,-20.695350646972656,1
WAS,DAL,111.621864,101.0,-10.621864318847656,125.362816,137.0,11.637184143066406,0
NYK,CHA,110.92874,125.0,14.071258544921877,103.34195,101.0,-2.341949462890625,1
MEM,SAC,115.15837,115.0,-0.1583709716796875,108.83834,110.0,1.1616592407226562,1
CLE,DEN,110.812386,126.0,15.187614440917969,110.470245,114.0,3.529754638671875,1
NOP,PHX,110.85841,126.0,15.141586303710938,110.90489,124.0,13.095108032226562,1
SAS,CHI,114.22592,124.0,9.774078369140623,109.56802,139.0,29.43197631835937,0
BOS,MIL,114.6801,111.0,-3.680099487304688,110.44945,105.0,-5.4494476318359375,1
PHI,ORL,102.05979,102.0,-0.0597915649414062,101.42107,94.0,-7.421066284179687,1
SAS,SAC,113.974014,113.0,-0.9740142822265624,112.99592,140.0,27.00408172607422,0
ATL,LAL,116.38006,134.0,17.61994171142578,115.9772,132.0,16.022796630859375,1
TOR,DAL,111.677345,118.0,6.322654724121094,110.083595,125.0,14.916404724121094,0
MIA,PHX,110.97726,121.0,10.022743225097656,105.07106,111.0,5.9289398193359375,1
BOS,MEM,113.6011,121.0,7.398902893066406,108.44251,127.0,18.55748748779297,0
WAS,DEN,112.41164,122.0,9.588363647460938,117.17723,113.0,-4.1772308349609375,1
LAL,POR,112.55651,107.0,-5.556510925292969,108.37577,98.0,-10.375770568847656,1
CHI,PHI,107.9653,100.0,-7.965301513671875,114.36882,108.0,-6.368820190429688,0
SAC,UTA,115.42517,141.0,25.5748291015625,113.284004,97.0,-16.28400421142578,1
ORL,PHX,109.72707,115.0,5.272926330566406,105.46786,110.0,4.532142639160156,1
LAC,HOU,104.86424,106.0,1.1357574462890625,106.54914,117.0,10.45085906982422,0
BKN,MIL,108.69872,113.0,4.301277160644531,110.3689,118.0,7.631103515625,0
ATL,DEN,114.70608,111.0,-3.7060775756835938,114.87231,141.0,26.12769317626953,0
WAS,MEM,109.21291,112.0,2.7870864868164062,117.47996,140.0,22.520042419433597,0
BOS,DET,117.49088,123.0,5.509117126464844,106.46864,99.0,-7.468643188476562,1
MIA,TOR,108.56073,114.0,5.43927001953125,106.07318,104.0,-2.07318115234375,1
UTA,PHX,113.417725,126.0,12.582275390625,115.52373,134.0,18.47627258300781,0
MEM,BKN,119.02109,135.0,15.978912353515623,109.103966,119.0,9.896034240722656,1
CLE,WAS,116.46944,115.0,-1.4694366455078125,104.63308,105.0,0.3669204711914062,1
IND,NOP,116.18854,119.0,2.81146240234375,109.14544,104.0,-5.145439147949219,1
LAL,MEM,110.53938,116.0,5.460617065429688,109.164696,110.0,0.8353042602539062,1
SAS,MIN,109.51302,92.0,-17.513023376464844,111.07091,106.0,-5.0709075927734375,0
WAS,BOS,104.511314,98.0,-6.511314392089844,118.252525,112.0,-6.252525329589844,0
PHX,POR,114.4267,116.0,1.57330322265625,108.215744,109.0,0.7842559814453125,1
CHA,PHI,102.83015,108.0,5.169853210449219,109.420944,121.0,11.579055786132812,0
DET,MIA,103.21366,125.0,21.786338806152344,110.16236,124.0,13.837638854980469,1
DET,UTA,113.4992,119.0,5.500801086425781,113.3523,126.0,12.647697448730469,0
PHX,IND,114.63778,111.0,-3.637779235839844,110.64717,120.0,9.352828979492188,0
SAS,ATL,116.91369,133.0,16.08631134033203,118.031975,126.0,7.968025207519531,1
TOR,BKN,113.246254,94.0,-19.24625396728516,108.047806,101.0,-7.0478057861328125,0
MIN,NYK,106.901764,107.0,0.098236083984375,103.425606,133.0,29.57439422607422,0
CLE,MIL,113.77229,124.0,10.227706909179688,111.770355,101.0,-10.770355224609377,1
PHI,CHA,112.59806,108.0,-4.598060607910156,101.16691,98.0,-3.166908264160156,1
PHX,DET,115.460785,125.0,9.539215087890623,109.82203,133.0,23.17797088623047,0
NOP,NYK,104.59098,93.0,-11.590980529785156,111.70908,104.0,-7.709083557128906,0
CHI,BOS,105.58581,98.0,-7.585807800292969,113.73986,123.0,9.260139465332031,0
SAC,LAL,113.34317,99.0,-14.343170166015623,108.82334,103.0,-5.823341369628906,0
DAL,LAC,113.125786,113.0,-0.1257858276367187,113.20479,97.0,-16.204788208007812,1
ATL,MEM,114.8492,112.0,-2.8491973876953125,115.68773,128.0,12.312271118164062,0
CLE,PHI,110.95752,126.0,15.04248046875,105.94908,99.0,-6.9490814208984375,1
SAS,POR,115.36508,114.0,-1.365081787109375,112.78087,94.0,-18.78086853027344,1
MIL,WAS,119.31106,112.0,-7.311058044433594,107.13323,101.0,-6.133232116699219,1
TOR,HOU,107.98461,110.0,2.0153884887695312,107.63252,114.0,6.367477416992188,0
SAC,IND,120.17288,95.0,-25.172882080078125,115.48429,122.0,6.515708923339844,0
MEM,LAC,117.085526,110.0,-7.0855255126953125,111.76551,114.0,2.2344894409179688,0
CHA,HOU,102.5726,101.0,-1.572601318359375,111.034424,114.0,2.965576171875,0
LAL,DET,111.3637,114.0,2.636299133300781,105.01481,117.0,11.985191345214844,0
PHI,SAS,114.83255,111.0,-3.832550048828125,107.27979,106.0,-1.2797927856445312,1
MIA,BKN,113.58372,110.0,-3.5837173461914062,108.965515,95.0,-13.96551513671875,1
NYK,TOR,108.00686,139.0,30.993141174316406,106.38465,125.0,18.61534881591797,1
GSW,IND,110.031746,105.0,-5.031745910644531,109.53172,111.0,1.4682769775390625,0
ATL,MIN,119.94835,117.0,-2.948348999023437,115.42632,104.0,-11.42632293701172,1
BOS,PHI,109.65317,114.0,4.346832275390625,105.47435,118.0,12.525650024414062,0
NYK,SAS,115.21549,117.0,1.7845077514648438,107.69649,114.0,6.303512573242188,1
SAC,DET,117.61482,113.0,-4.6148223876953125,113.9274,114.0,0.072601318359375,0
ATL,CHI,116.49815,141.0,24.50184631347656,114.86858,133.0,18.13141632080078,1
ORL,MIA,102.775,88.0,-14.775001525878906,103.68628,89.0,-14.686279296875,0
MEM,TOR,111.71846,155.0,43.28153991699219,110.40679,126.0,15.59320831298828,1
MIL,BKN,116.96884,105.0,-11.968841552734377,109.03844,111.0,1.9615631103515625,0
WAS,CHA,112.874695,113.0,0.12530517578125,113.609825,110.0,-3.609825134277344,1
ORL,NYK,99.73947,85.0,-14.739471435546877,104.4462,108.0,3.553802490234375,0
LAC,GSW,111.78923,102.0,-9.789230346679688,106.49804,92.0,-14.498039245605469,1
DEN,CLE,114.295715,135.0,20.70428466796875,107.594604,149.0,41.4053955078125,0
PHX,DAL,113.962494,89.0,-24.96249389648437,112.30818,98.0,-14.308181762695312,0
LAL,SAC,111.27516,132.0,20.724838256835938,109.786316,122.0,12.21368408203125,1
CHA,OKC,103.16579,94.0,-9.165786743164062,112.02322,106.0,-6.023216247558594,0
DEN,DET,120.4988,134.0,13.501197814941406,109.50749,121.0,11.492507934570312,1
CHI,MIL,107.684784,116.0,8.315216064453125,111.75842,111.0,-0.7584228515625,1
UTA,PHI,110.21759,111.0,0.78240966796875,112.26519,114.0,1.7348098754882812,0
POR,DAL,110.456505,126.0,15.543495178222656,119.20449,122.0,2.7955093383789062,1
BOS,IND,113.8207,114.0,0.1792984008789062,106.79614,123.0,16.203857421875,0
ORL,BKN,106.201935,102.0,-4.201934814453125,106.62823,101.0,-5.628227233886719,1
TOR,ATL,115.14437,107.0,-8.144371032714844,116.64969,136.0,19.350311279296875,0
HOU,MIA,107.26082,100.0,-7.260818481445312,107.35906,104.0,-3.3590621948242188,0
WAS,NYK,106.27503,106.0,-0.2750320434570312,115.25357,126.0,10.746429443359377,0
SAC,DAL,113.42454,110.0,-3.4245376586914062,117.89737,100.0,-17.897369384765625,1
POR,PHI,111.60276,103.0,-8.602760314941406,114.5403,125.0,10.459701538085938,0
GSW,CLE,107.784546,95.0,-12.7845458984375,107.45504,113.0,5.544960021972656,0
BOS,TOR,115.67327,125.0,9.32672882080078,108.653946,71.0,-37.65394592285156,1
LAL,CLE,104.424934,110.0,5.575065612792969,106.26277,122.0,15.737228393554688,0
GSW,MIA,115.57243,98.0,-17.572433471679688,107.960976,114.0,6.039024353027344,0
BKN,DET,106.25396,98.0,-8.253959655761719,105.2427,113.0,7.757301330566406,0
DAL,POR,110.61368,117.0,6.386322021484375,107.134155,111.0,3.8658447265625,1
PHX,ATL,115.540535,123.0,7.459465026855469,108.29689,115.0,6.7031097412109375,1
CLE,TOR,110.75945,132.0,21.24054718017578,111.08881,126.0,14.91118621826172,1
DET,GSW,109.766846,104.0,-5.766845703125,105.706505,107.0,1.2934951782226562,0
IND,GSW,115.47746,108.0,-7.477462768554687,109.1483,96.0,-13.148300170898438,1
DEN,BKN,117.8755,124.0,6.1244964599609375,108.317856,105.0,-3.317855834960937,1
ORL,MIL,99.067444,106.0,6.93255615234375,109.58987,109.0,-0.5898666381835938,0
BOS,SAC,114.59466,97.0,-17.59465789794922,103.14852,114.0,10.851478576660156,0
POR,MIA,106.58679,98.0,-8.5867919921875,108.42814,119.0,10.571861267089844,0
DET,TOR,113.673225,123.0,9.326774597167969,107.05709,114.0,6.942909240722656,1
MIN,MEM,110.14351,125.0,14.856491088867188,110.98785,127.0,16.01215362548828,0
BOS,NOP,112.30117,120.0,7.698829650878906,104.3445,119.0,14.655502319335938,1
UTA,BKN,110.251335,112.0,1.7486648559570312,107.417336,111.0,3.5826644897460938,1
PHX,CHA,113.53362,120.0,6.466377258300781,102.463936,113.0,10.53606414794922,1
CHI,SAC,111.75277,119.0,7.247230529785156,114.40411,124.0,9.59588623046875,0
ORL,PHI,103.51091,104.0,0.4890899658203125,103.80996,99.0,-4.809959411621094,1
NYK,MIL,105.55973,140.0,34.440269470214844,117.701,106.0,-11.70099639892578,1
TOR,GSW,112.32189,104.0,-8.321891784667969,108.13311,101.0,-7.133110046386719,1
WAS,MIN,112.92185,106.0,-6.921852111816406,117.923904,120.0,2.0760955810546875,0
HOU,MEM,108.5582,120.0,11.441802978515623,110.9726,118.0,7.027397155761719,1
POR,BKN,110.15023,114.0,3.849769592285156,111.80863,132.0,20.191368103027344,0
ATL,PHX,112.485954,122.0,9.514045715332031,118.967125,117.0,-1.967124938964844,1
PHI,OKC,107.11392,102.0,-5.113922119140625,110.93435,118.0,7.065650939941406,0
MIL,SAC,117.423004,130.0,12.576995849609377,114.83288,115.0,0.1671218872070312,1
CHI,NOP,112.18936,113.0,0.810638427734375,113.299995,119.0,5.700004577636719,0
DAL,DEN,112.07072,99.0,-13.070716857910156,109.57006,118.0,8.429939270019531,0
MIL,ORL,110.62739,122.0,11.37261199951172,97.45107,93.0,-4.451072692871094,1
LAL,MIA,104.809,117.0,12.191001892089844,106.61384,108.0,1.3861618041992188,1
PHI,NYK,109.212234,119.0,9.787765502929688,107.21592,125.0,17.784080505371094,0
DEN,HOU,117.06799,108.0,-9.0679931640625,107.528076,128.0,20.471923828125,0
UTA,CHA,107.32932,112.0,4.670677185058594,101.01478,117.0,15.985221862792969,0
POR,LAC,107.62765,89.0,-18.627647399902344,114.32286,118.0,3.6771392822265625,0
WAS,PHX,111.514084,123.0,11.485916137695312,116.82681,130.0,13.173187255859377,0
DET,IND,105.31067,100.0,-5.3106689453125,106.502205,111.0,4.497795104980469,0
SAC,HOU,116.337395,132.0,15.662605285644531,113.05606,127.0,13.943939208984377,1
SAS,MEM,113.972275,112.0,-1.9722747802734373,116.34289,140.0,23.65711212158203,0
MIL,TOR,113.71475,130.0,16.285247802734375,108.99472,112.0,3.005279541015625,1
NOP,UTA,110.523254,136.0,25.47674560546875,110.64274,123.0,12.357261657714844,1
LAL,BKN,111.636986,102.0,-9.636985778808594,110.448814,101.0,-9.448814392089844,1
NYK,MIN,113.73709,99.0,-14.737091064453123,117.52002,116.0,-1.52001953125,0
DAL,OKC,107.66907,106.0,-1.6690673828125,116.89111,98.0,-18.89111328125,1
CHI,CHA,109.25708,123.0,13.742919921875,107.67487,125.0,17.32512664794922,0
GSW,WAS,113.540985,122.0,8.459014892578125,103.95574,114.0,10.04425811767578,1
POR,HOU,111.10296,103.0,-8.102958679199219,112.44424,125.0,12.555763244628906,0
MIN,CLE,110.81434,117.0,6.185661315917969,110.31933,124.0,13.680671691894531,0
IND,PHI,114.76861,115.0,0.2313919067382812,103.242805,102.0,-1.2428054809570312,1
DET,PHX,108.88329,121.0,12.116706848144531,106.698975,125.0,18.301025390625,0
POR,CHI,107.642944,113.0,5.3570556640625,113.0054,102.0,-11.005401611328123,1
SAC,WAS,123.60618,123.0,-0.6061782836914062,113.211,100.0,-13.21099853515625,1
MIL,PHI,117.72328,123.0,5.2767181396484375,107.72561,109.0,1.2743911743164062,1
MIA,SAS,113.04231,128.0,14.957687377929688,107.9126,107.0,-0.91259765625,1
GSW,BOS,106.52755,85.0,-21.527549743652344,108.173904,125.0,16.826095581054688,0
LAC,CHI,117.826164,99.0,-18.82616424560547,108.478714,112.0,3.5212860107421875,0
CLE,PHX,115.0931,118.0,2.906898498535156,112.49191,92.0,-20.491912841796875,1
HOU,DET,111.99048,96.0,-15.990478515625,108.42265,107.0,-1.4226531982421875,0
LAL,WAS,114.499725,111.0,-3.499725341796875,104.14393,88.0,-16.14392852783203,1
MIA,POR,113.19075,107.0,-6.1907501220703125,102.04262,116.0,13.957382202148438,0
DEN,PHI,115.295845,144.0,28.70415496826172,108.64628,109.0,0.3537216186523437,1
TOR,ORL,110.108116,109.0,-1.1081161499023438,100.265526,93.0,-7.265525817871094,1
BKN,PHX,108.947334,84.0,-24.94733428955078,109.94668,108.0,-1.9466781616210935,0
LAC,BOS,107.18714,113.0,5.812858581542969,105.72334,117.0,11.276657104492188,0
MEM,CHA,118.92243,132.0,13.07756805419922,106.936935,120.0,13.063064575195312,1
DAL,MIN,112.74871,114.0,1.2512893676757812,112.38988,115.0,2.6101226806640625,0
HOU,CLE,111.22408,109.0,-2.224082946777344,109.79082,108.0,-1.7908172607421875,1
ORL,POR,103.99069,79.0,-24.990692138671875,103.22932,101.0,-2.229316711425781,0
LAC,WAS,119.05855,110.0,-9.058547973632812,106.47001,93.0,-13.470008850097656,1
GSW,CHI,108.943954,131.0,22.05604553222656,109.55857,106.0,-3.5585708618164062,1
LAL,BOS,103.73727,117.0,13.262733459472656,107.98358,96.0,-11.98358154296875,1
CHA,POR,110.53269,97.0,-13.532691955566406,106.12514,102.0,-4.1251373291015625,0
MEM,NOP,117.95163,139.0,21.048370361328125,112.333626,126.0,13.666374206542969,1
PHI,CLE,108.90147,132.0,23.098533630371094,108.74294,129.0,20.257057189941406,1
NYK,SAC,114.61646,143.0,28.38353729248047,113.841324,120.0,6.1586761474609375,1
CLE,HOU,114.89773,131.0,16.102272033691406,109.692024,135.0,25.30797576904297,0
DAL,BOS,105.510414,107.0,1.4895858764648438,108.26963,122.0,13.730369567871094,0
ORL,DET,102.70666,121.0,18.29334259033203,106.66992,113.0,6.330078125,1
PHX,WAS,116.831604,119.0,2.16839599609375,104.91671,109.0,4.083290100097656,1
GSW,LAL,108.811,108.0,-0.8109970092773438,109.48034,118.0,8.519660949707031,0
BKN,MIA,104.26587,97.0,-7.265869140625,106.64867,106.0,-0.6486663818359375,0
ATL,TOR,113.90252,94.0,-19.90251922607422,120.75154,117.0,-3.751541137695313,0
LAC,MIL,112.04421,127.0,14.955787658691406,112.69786,117.0,4.3021392822265625,1
MIN,DEN,110.12014,133.0,22.879859924316406,109.67712,104.0,-5.677116394042969,1
CHA,NOP,111.42266,123.0,11.57733917236328,113.78423,92.0,-21.78423309326172,1
POR,OKC,107.4865,108.0,0.5134963989257812,110.407845,118.0,7.592155456542969,0
UTA,MIL,110.08055,110.0,-0.0805511474609375,114.047844,125.0,10.952156066894531,0
BKN,SAC,104.84264,96.0,-8.842643737792969,109.70092,110.0,0.2990798950195312,0
BOS,HOU,116.72669,112.0,-4.726692199707031,103.38853,114.0,10.611473083496094,0
TOR,NOP,113.20312,113.0,-0.2031173706054687,110.89733,104.0,-6.897331237792969,1
DAL,WAS,117.09071,130.0,12.909286499023438,105.10864,108.0,2.891357421875,1
CLE,DET,112.98638,110.0,-2.9863815307617188,110.48531,91.0,-19.485313415527344,1
NYK,MEM,112.116844,143.0,30.883155822753903,110.15611,106.0,-4.1561126708984375,1
CHA,LAL,107.69921,107.0,-0.6992111206054688,110.67102,112.0,1.3289794921875,0
MIA,ORL,106.41936,125.0,18.580642700195312,95.60773,119.0,23.39227294921875,1
CHI,DEN,110.593315,129.0,18.40668487548828,110.6526,121.0,10.347396850585938,1
POR,MIL,108.68607,125.0,16.313926696777344,114.59575,112.0,-2.5957489013671875,1
GSW,UTA,110.462296,114.0,3.537704467773437,105.7659,103.0,-2.765899658203125,1
PHI,LAL,108.104706,118.0,9.895294189453123,110.91261,104.0,-6.912612915039063,1
PHI,SAC,112.22291,117.0,4.777091979980469,109.52033,104.0,-5.520332336425781,1
GSW,OKC,108.43511,116.0,7.564888000488281,109.07136,109.0,-0.0713577270507812,1
NYK,DEN,110.97604,122.0,11.023956298828123,108.545876,112.0,3.4541244506835938,1
IND,DET,113.735085,133.0,19.264915466308597,101.22341,119.0,17.776588439941406,1
BOS,CHI,114.19488,122.0,7.805122375488281,107.80855,100.0,-7.8085479736328125,1
CLE,ATL,117.58577,137.0,19.414230346679688,108.757256,115.0,6.242744445800781,1
MEM,HOU,118.67392,120.0,1.326080322265625,109.35554,119.0,9.64446258544922,1
POR,ORL,108.369576,119.0,10.63042449951172,101.5942,90.0,-11.594200134277344,1
WAS,LAL,110.29177,96.0,-14.291770935058594,114.72144,134.0,19.27855682373047,0
PHI,DEN,113.15055,134.0,20.849449157714844,111.92695,137.0,25.07305145263672,0
CHA,LAC,107.01978,104.0,-3.0197830200195312,111.29602,112.0,0.7039794921875,0
GSW,PHX,110.732414,105.0,-5.732414245605469,109.1608,130.0,20.83920288085937,0
TOR,CHI,110.66939,106.0,-4.6693878173828125,108.92951,122.0,13.07048797607422,0
DET,DAL,109.585945,117.0,7.414054870605469,114.58329,102.0,-12.583290100097656,1
NYK,LAL,106.36446,112.0,5.635536193847656,110.191414,128.0,17.80858612060547,0
UTA,ORL,109.20104,113.0,3.7989578247070312,101.777245,99.0,-2.7772445678710938,1
IND,ATL,119.15221,132.0,12.847793579101562,105.74114,127.0,21.25885772705078,1
CHA,DEN,110.05599,104.0,-6.055992126464844,111.285034,107.0,-4.2850341796875,0
MIN,WAS,117.63473,103.0,-14.634727478027344,106.36959,105.0,-1.3695907592773438,0
HOU,BKN,117.18204,98.0,-19.182037353515625,112.1062,110.0,-2.106201171875,0
TOR,LAC,104.10088,115.0,10.89911651611328,105.90524,108.0,2.094757080078125,1
DET,CHI,111.45008,127.0,15.549919128417969,111.01765,119.0,7.982353210449219,1
MIL,MEM,116.629166,119.0,2.370834350585937,115.012566,132.0,16.98743438720703,0
POR,PHX,112.436676,121.0,8.563323974609375,105.95692,119.0,13.043083190917969,1
MIN,SAC,113.013855,114.0,0.98614501953125,111.81482,116.0,4.1851806640625,0
OKC,MIL,119.31629,125.0,5.683708190917969,115.48049,96.0,-19.480491638183597,1
UTA,IND,106.323135,111.0,4.6768646240234375,111.65583,112.0,0.3441696166992187,0
GSW,ORL,109.632095,104.0,-5.632095336914063,100.58613,99.0,-1.5861282348632812,1
NYK,HOU,116.1804,124.0,7.819602966308594,112.12053,118.0,5.8794708251953125,1
DET,ATL,116.78025,130.0,13.219749450683594,113.133934,132.0,18.866065979003903,0
CLE,BOS,110.4603,105.0,-5.460296630859375,109.71698,112.0,2.28302001953125,0
POR,IND,110.462135,112.0,1.5378646850585938,107.1784,89.0,-18.17839813232422,1
LAC,LAL,107.38783,97.0,-10.387832641601562,107.40791,122.0,14.592086791992188,0
TOR,NYK,110.09221,115.0,4.9077911376953125,105.318146,121.0,15.681854248046877,0
TOR,MEM,112.1324,107.0,-5.1324005126953125,112.03486,138.0,25.96514129638672,0
UTA,GSW,114.45082,131.0,16.549179077148438,112.22082,128.0,15.779182434082031,1
MIN,CHI,115.10979,127.0,11.890213012695312,112.987564,108.0,-4.987564086914063,1
DEN,NOP,116.34649,144.0,27.65351104736328,112.75097,119.0,6.249031066894531,1
CHA,MIL,108.755646,102.0,-6.755645751953125,114.58996,112.0,-2.5899581909179688,0
SAC,ORL,112.48558,111.0,-1.4855804443359375,105.3411,130.0,24.658897399902344,0
OKC,PHX,119.97775,140.0,20.022247314453125,107.286545,109.0,1.7134552001953125,1
BOS,DAL,113.53276,120.0,6.4672393798828125,105.24646,127.0,21.7535400390625,0
LAC,IND,107.90045,112.0,4.09954833984375,106.65502,119.0,12.344978332519531,0
POR,SAC,114.661835,108.0,-6.661834716796875,106.48311,102.0,-4.4831085205078125,1
DEN,ORL,112.40928,112.0,-0.4092788696289062,102.737274,90.0,-12.737274169921877,1
MIN,HOU,117.29133,127.0,9.70867156982422,111.53913,114.0,2.4608688354492188,1
PHX,UTA,114.166405,135.0,20.833595275878903,111.531105,127.0,15.468894958496094,1
CHA,SAS,113.11689,117.0,3.883110046386719,112.627754,116.0,3.3722457885742188,1
OKC,TOR,112.35564,121.0,8.644363403320312,106.24468,109.0,2.755317687988281,1
WAS,CLE,107.87458,124.0,16.12541961669922,112.82702,134.0,21.17298126220703,0
ORL,SAS,107.354,112.0,4.646003723144531,112.59876,111.0,-1.5987625122070312,1
MIN,POR,112.34589,114.0,1.65411376953125,108.80866,98.0,-10.80866241455078,1
WAS,ATL,113.25268,111.0,-2.2526779174804688,119.20767,125.0,5.792327880859375,0
CHI,GSW,115.14602,111.0,-4.146018981933594,112.30352,132.0,19.69647979736328,0
LAL,IND,109.485664,124.0,14.51433563232422,105.810295,117.0,11.189704895019531,1
PHX,DEN,113.53909,105.0,-8.539093017578125,108.34317,122.0,13.656829833984377,0
LAC,UTA,116.77613,130.0,13.223869323730469,108.63136,110.0,1.3686370849609375,1
DAL,HOU,117.49346,116.0,-1.4934616088867188,109.42836,105.0,-4.4283599853515625,1
SAC,NOP,118.595856,123.0,4.404144287109375,119.01984,118.0,-1.01983642578125,1
HOU,TOR,109.22114,94.0,-15.22113800048828,110.17066,87.0,-23.17066192626953,1
DET,CHA,110.64992,112.0,1.3500823974609375,110.35721,102.0,-8.357208251953125,1
DEN,POR,112.78727,146.0,33.212730407714844,109.949036,117.0,7.05096435546875,1
WAS,SAS,114.97758,121.0,6.022422790527344,115.30343,131.0,15.696571350097656,0
LAL,UTA,117.43347,132.0,14.5665283203125,106.27225,113.0,6.727752685546875,1
BKN,CHA,109.24713,97.0,-12.24713134765625,105.60963,89.0,-16.60962677001953,1
OKC,NOP,120.12355,137.0,16.876449584960938,108.94619,101.0,-7.946189880371094,1
MIL,GSW,117.94989,111.0,-6.94989013671875,113.73313,125.0,11.266868591308594,0
CLE,MIN,112.18524,128.0,15.81475830078125,112.15133,107.0,-5.151329040527344,1
PHX,MEM,115.606606,112.0,-3.606605529785156,113.25603,119.0,5.7439727783203125,0
ORL,CHA,104.34773,102.0,-2.3477325439453125,104.26005,86.0,-18.260047912597656,1
OKC,MIA,114.53206,115.0,0.4679412841796875,105.782646,101.0,-4.782646179199219,1
BOS,SAS,117.89787,116.0,-1.8978729248046875,108.65773,103.0,-5.657730102539063,1
NYK,ATL,116.04641,149.0,32.953590393066406,114.42943,148.0,33.57057189941406,1
DAL,GSW,116.81706,111.0,-5.817062377929688,116.1789,107.0,-9.17890167236328,1
BKN,PHI,104.27248,100.0,-4.272476196289063,106.69785,96.0,-10.697853088378906,1
MIN,MIL,114.96004,101.0,-13.960037231445312,113.45927,103.0,-10.459266662597656,0
TOR,CLE,111.05444,108.0,-3.054443359375,108.4377,131.0,22.562301635742188,0
UTA,LAL,111.266785,131.0,19.73321533203125,115.565544,119.0,3.4344558715820312,1
CHI,DET,108.599144,110.0,1.4008560180664062,108.410095,128.0,19.58990478515625,0
NOP,SAC,116.4675,140.0,23.532501220703125,110.72312,133.0,22.276878356933597,1
UTA,LAC,111.935165,116.0,4.0648345947265625,117.710594,120.0,2.2894058227539062,0
DAL,MIA,109.21437,118.0,8.785629272460938,104.529106,113.0,8.470893859863281,1
LAL,CHA,114.26972,97.0,-17.26972198486328,102.88685,100.0,-2.8868484497070312,0
NYK,CHI,117.48304,113.0,-4.483039855957031,108.93637,111.0,2.063629150390625,1
MIL,LAC,112.877815,116.0,3.1221847534179688,113.88166,110.0,-3.881660461425781,1
SAS,PHX,114.95697,120.0,5.04302978515625,117.06191,109.0,-8.061912536621094,1
IND,MEM,115.09557,127.0,11.904426574707031,117.35891,113.0,-4.358909606933594,1
BKN,CLE,104.92156,97.0,-7.921562194824219,105.47696,110.0,4.523040771484375,0
PHI,BOS,108.33583,104.0,-4.3358306884765625,110.25543,124.0,13.74456787109375,0
HOU,MIN,112.925835,121.0,8.074165344238281,113.76296,115.0,1.2370376586914062,1
SAC,GSW,114.31757,108.0,-6.317573547363281,119.28972,132.0,12.710281372070312,0
DAL,NOP,117.55427,111.0,-6.554267883300781,114.367134,103.0,-11.36713409423828,1
ORL,MEM,110.13715,104.0,-6.137153625488281,114.610344,105.0,-9.610343933105469,0
TOR,MIA,110.28104,111.0,0.718963623046875,104.223915,120.0,15.776084899902344,0
SAS,DET,113.8568,110.0,-3.8567962646484375,114.17599,125.0,10.824012756347656,0
CHI,PHX,114.874886,117.0,2.1251144409179688,116.54444,121.0,4.455558776855469,0
POR,CHA,115.51524,141.0,25.48475646972656,104.00463,88.0,-16.00463104248047,1
PHI,BKN,114.97358,103.0,-11.97357940673828,111.993576,105.0,-6.993576049804688,0
IND,LAC,114.08923,129.0,14.9107666015625,116.69625,111.0,-5.696250915527344,1
TOR,PHX,113.32382,127.0,13.676177978515623,111.07626,109.0,-2.076263427734375,1
GSW,DAL,114.32335,126.0,11.676651000976562,111.36466,102.0,-9.364662170410156,1
ORL,WAS,109.63273,110.0,0.3672714233398437,106.373795,90.0,-16.373794555664062,1
CLE,MEM,110.453606,129.0,18.54639434814453,111.035805,123.0,11.964195251464844,1
ATL,DET,117.4682,143.0,25.53179931640625,113.78792,148.0,34.21208190917969,0
MIL,MIA,112.84913,120.0,7.150871276855469,105.828156,113.0,7.171844482421875,1
IND,DEN,113.6813,116.0,2.3187026977539062,111.82649,125.0,13.173507690429688,0
SAC,CHA,116.63967,130.0,13.360328674316406,108.62447,88.0,-20.624473571777344,1
ATL,MIA,114.448746,98.0,-16.448745727539062,113.211586,86.0,-27.21158599853516,1
DET,LAC,115.13075,106.0,-9.130752563476562,115.4566,97.0,-18.45659637451172,1
GSW,CHA,118.052635,128.0,9.947364807128906,100.18318,92.0,-8.183181762695312,1
NOP,SAS,116.03855,109.0,-7.038551330566406,108.86201,103.0,-5.862007141113281,1
ORL,CLE,106.791306,82.0,-24.791305541992188,108.09295,122.0,13.90705108642578,0
HOU,MIL,109.808624,100.0,-9.808624267578123,114.55434,97.0,-17.554336547851562,1
TOR,BOS,105.07331,101.0,-4.073310852050781,109.27678,111.0,1.7232208251953125,0
LAL,DAL,111.81796,107.0,-4.817962646484375,109.217545,99.0,-10.217544555664062,1
CHI,LAC,111.656204,117.0,5.343795776367188,114.61805,122.0,7.381950378417969,0
WAS,POR,108.9291,121.0,12.070899963378906,114.13293,129.0,14.867073059082031,0
UTA,SAC,115.745384,101.0,-14.745384216308594,113.5607,118.0,4.439300537109375,0
BKN,OKC,104.46249,121.0,16.537513732910156,106.965805,129.0,22.034194946289062,0
IND,TOR,113.19059,111.0,-2.190589904785156,114.085594,91.0,-23.085594177246094,1
HOU,SAS,112.787964,118.0,5.2120361328125,108.2337,106.0,-2.23370361328125,1
DET,BOS,108.53656,117.0,8.46343994140625,111.00468,97.0,-14.004676818847656,1
ORL,GSW,104.788666,115.0,10.211334228515623,107.82151,121.0,13.178489685058594,0
MIL,DEN,113.82651,121.0,7.173492431640625,110.84209,112.0,1.1579132080078125,1
DAL,CHA,114.53506,103.0,-11.535057067871094,105.03464,96.0,-9.034637451171877,1
MIA,IND,110.38279,125.0,14.617210388183594,109.46713,120.0,10.532867431640623,1
MEM,NYK,115.89687,113.0,-2.8968734741210938,110.32338,114.0,3.6766204833984375,0
BOS,CLE,111.576904,116.0,4.423095703125,105.40144,123.0,17.598556518554688,0
ATL,OKC,114.345215,119.0,4.65478515625,122.77276,135.0,12.22724151611328,0
PHX,NOP,113.62185,125.0,11.378150939941406,115.087944,108.0,-7.087944030761719,1
BKN,POR,110.892044,102.0,-8.892044067382812,107.911415,121.0,13.088584899902344,0
DET,DEN,112.90635,119.0,6.093650817871094,108.087845,134.0,25.912155151367188,0
UTA,MIN,116.09483,117.0,0.9051666259765624,117.64264,116.0,-1.64263916015625,1
PHI,GSW,109.94076,126.0,16.059242248535156,111.237335,119.0,7.762664794921875,1
HOU,SAC,110.941864,103.0,-7.941864013671875,111.77414,113.0,1.225860595703125,0
DET,BKN,110.46088,115.0,4.53912353515625,113.90198,94.0,-19.9019775390625,1
CHA,WAS,111.76642,100.0,-11.76641845703125,108.28971,113.0,4.710289001464844,0
DAL,MIL,113.61616,117.0,3.3838424682617188,108.569016,132.0,23.430984497070312,0
MEM,SAS,118.01391,128.0,9.986091613769531,109.52143,130.0,20.47856903076172,0
IND,CHI,115.57982,127.0,11.420181274414062,113.32085,112.0,-1.3208465576171875,1
CLE,POR,112.71624,133.0,20.28376007080078,109.385735,129.0,19.61426544189453,1
MIA,NYK,111.00563,112.0,0.9943695068359376,108.48932,116.0,7.51068115234375,0
UTA,NOP,115.74185,121.0,5.258148193359375,116.000435,128.0,11.99956512451172,0
SAS,OKC,111.40077,132.0,20.59922790527344,119.28153,146.0,26.718467712402344,0
LAL,LAC,111.82644,108.0,-3.8264389038085938,109.65918,102.0,-7.6591796875,1
PHX,MIN,113.284546,98.0,-15.2845458984375,113.54554,116.0,2.4544601440429688,0
BOS,DEN,112.75021,110.0,-2.750213623046875,106.0305,103.0,-3.030502319335937,1
CHA,GSW,102.83976,101.0,-1.839759826660156,112.58378,119.0,6.416221618652344,0
UTA,DET,111.50133,106.0,-5.5013275146484375,110.927635,134.0,23.072364807128903,0
OKC,HOU,120.02788,137.0,16.972122192382812,109.64125,128.0,18.35874938964844,1
MEM,ATL,118.12972,130.0,11.870277404785156,113.31361,132.0,18.68639373779297,0
PHI,POR,110.56348,102.0,-8.5634765625,111.299416,119.0,7.700584411621094,0
DAL,SAC,114.692406,98.0,-16.692405700683594,115.00357,122.0,6.996429443359375,0
ORL,TOR,104.25726,113.0,8.74273681640625,106.83195,114.0,7.168052673339844,0
ATL,MIL,117.52888,121.0,3.4711227416992188,120.959175,127.0,6.040824890136719,0
PHX,LAC,113.22643,119.0,5.773567199707031,113.31167,117.0,3.688331604003906,1
NYK,GSW,109.80726,102.0,-7.807258605957031,118.1886,114.0,-4.1885986328125,0
IND,HOU,113.73221,115.0,1.267791748046875,113.22871,102.0,-11.22870635986328,1
MIN,PHI,108.05409,126.0,17.945907592773438,109.64376,112.0,2.356239318847656,1
SAS,BKN,110.62876,127.0,16.371238708496094,110.61484,113.0,2.385162353515625,1
CHI,CLE,105.830124,117.0,11.169876098632812,106.807396,139.0,32.192604064941406,0
WAS,UTA,116.5729,125.0,8.427101135253906,115.86754,122.0,6.1324615478515625,1
CHA,MIN,105.33844,110.0,4.66156005859375,115.32559,125.0,9.674407958984377,0
BOS,POR,111.81967,128.0,16.180328369140625,107.130936,118.0,10.869064331054688,1
LAC,DET,108.33614,123.0,14.663856506347656,110.447235,115.0,4.552764892578125,1
DEN,SAC,115.891685,116.0,0.1083145141601562,108.759796,110.0,1.240203857421875,1
MIL,DAL,114.90331,137.0,22.09668731689453,109.8281,107.0,-2.8281021118164062,1
NOP,HOU,114.35334,97.0,-17.35334014892578,111.244286,109.0,-2.2442855834960938,0
LAL,NYK,112.57965,113.0,0.42034912109375,105.40521,109.0,3.59478759765625,1
BKN,GSW,106.03622,119.0,12.963783264160156,109.86943,121.0,11.130569458007812,0
ORL,CHI,108.18736,123.0,14.812637329101562,112.20247,125.0,12.797531127929688,0
OKC,POR,121.27994,107.0,-14.279937744140623,113.07967,89.0,-24.079673767089844,1
MIA,MIN,112.36416,104.0,-8.364158630371094,108.61132,106.0,-2.6113204956054688,0
DEN,PHX,122.16449,149.0,26.83551025390625,107.88466,141.0,33.11534118652344,1
LAC,NYK,115.93828,105.0,-10.938278198242188,111.30504,95.0,-16.305038452148438,1
DAL,MEM,111.69875,111.0,-0.6987533569335938,113.21229,122.0,8.787712097167969,0
CHA,CLE,100.72153,117.0,16.278472900390625,108.12842,118.0,9.87158203125,0
SAC,SAS,119.84447,127.0,7.155532836914063,113.76052,109.0,-4.760520935058594,1
TOR,UTA,114.16521,118.0,3.834793090820313,107.532234,109.0,1.4677658081054688,1
HOU,NOP,110.5523,146.0,35.44770050048828,111.64013,117.0,5.359870910644531,1
BOS,LAL,110.84383,111.0,0.1561737060546875,104.231964,101.0,-3.231964111328125,1
GSW,DET,113.97603,115.0,1.0239715576171875,105.68983,110.0,4.310173034667969,1
MIA,CHI,110.56084,109.0,-1.5608367919921875,107.63683,114.0,6.363166809082031,0
ATL,IND,122.70165,120.0,-2.7016525268554688,123.60282,118.0,-5.602821350097656,1
CHA,BKN,102.0853,105.0,2.914703369140625,109.12994,102.0,-7.129936218261719,1
POR,DET,112.578575,112.0,-0.5785751342773438,110.70618,119.0,8.2938232421875,0
NOP,MEM,115.29557,104.0,-11.295570373535156,112.704956,107.0,-5.7049560546875,0
PHI,UTA,114.47112,126.0,11.52887725830078,109.70536,122.0,12.294639587402344,1
DAL,PHX,112.46488,116.0,3.535118103027344,115.2705,125.0,9.729499816894531,0
LAC,SAC,113.00987,111.0,-2.009872436523437,114.370674,110.0,-4.370674133300781,1
MIL,CLE,117.329926,100.0,-17.329925537109375,110.06969,112.0,1.9303131103515625,0
MIN,SAS,116.09323,141.0,24.906768798828125,111.35069,124.0,12.649307250976562,1
BKN,LAL,108.949776,111.0,2.0502243041992188,109.12457,108.0,-1.12457275390625,1
HOU,ORL,108.37014,97.0,-11.370140075683594,103.220604,84.0,-19.220603942871094,1
GSW,POR,114.751976,130.0,15.248023986816406,107.68565,120.0,12.314346313476562,1
MEM,PHX,117.29804,120.0,2.7019577026367188,114.41655,118.0,3.5834503173828125,1
SAC,NYK,117.94162,104.0,-13.941619873046877,109.632256,133.0,23.36774444580078,0
TOR,WAS,115.30013,119.0,3.699867248535156,107.31991,104.0,-3.319908142089844,1
MIA,CHA,111.4242,102.0,-9.424201965332031,98.90602,105.0,6.0939788818359375,0
BOS,UTA,115.59393,114.0,-1.59393310546875,103.78467,108.0,4.21533203125,1
CHI,IND,113.91751,121.0,7.082489013671875,114.94425,103.0,-11.944252014160156,1
CLE,BKN,114.54686,109.0,-5.5468597412109375,108.94442,104.0,-4.944419860839844,1
NOP,LAC,111.76391,127.0,15.236091613769531,110.91288,120.0,9.087120056152344,1
TOR,PHI,108.83917,118.0,9.16082763671875,106.9982,105.0,-1.998199462890625,1
SAS,DAL,114.58368,126.0,11.41632080078125,115.787285,116.0,0.2127151489257812,1
BOS,OKC,114.58537,112.0,-2.5853729248046875,112.80776,118.0,5.192237854003906,0
ATL,CHA,121.08203,123.0,1.91796875,114.96343,110.0,-4.963432312011719,1
MEM,UTA,115.913956,122.0,6.0860443115234375,110.84959,115.0,4.150413513183594,1
POR,NYK,112.52667,113.0,0.47332763671875,109.344536,114.0,4.655464172363281,0
HOU,PHX,116.50321,111.0,-5.503211975097656,109.37765,104.0,-5.377647399902344,1
MIA,LAC,108.49754,104.0,-4.4975433349609375,108.864555,119.0,10.13544464111328,0
MIL,LAL,112.669815,126.0,13.330184936523438,108.189995,106.0,-2.1899948120117188,1
DET,WAS,115.4337,125.0,9.566299438476562,108.49568,129.0,20.504318237304688,0
NOP,ORL,108.1772,93.0,-15.177200317382812,104.77148,113.0,8.228523254394531,0
GSW,SAC,116.05665,130.0,13.943351745605469,111.63581,104.0,-7.635810852050781,1
CHI,BKN,112.25073,116.0,3.749267578125,109.98669,110.0,0.0133132934570312,1
UTA,TOR,110.63477,118.0,7.365226745605469,114.38693,126.0,11.613067626953123,0
MEM,CLE,114.37199,124.0,9.628013610839844,104.31067,133.0,28.6893310546875,0
MIN,ORL,109.28235,118.0,8.7176513671875,101.88781,111.0,9.112190246582031,1
PHX,SAC,113.9387,122.0,8.061302185058594,109.38605,106.0,-3.38604736328125,1
HOU,DAL,114.50704,133.0,18.492958068847656,108.40213,96.0,-12.402130126953123,1
DEN,LAL,114.889015,131.0,16.110984802246094,109.89081,126.0,16.10919189453125,1
ATL,LAC,116.19198,98.0,-18.191978454589844,119.768715,121.0,1.2312850952148438,0
PHI,IND,114.484985,100.0,-14.4849853515625,105.030334,112.0,6.96966552734375,0
MIA,BOS,105.54855,91.0,-14.548553466796877,106.96203,103.0,-3.9620285034179688,0
SAS,CHA,115.55017,134.0,18.4498291015625,108.64136,145.0,36.358642578125,0
DET,OKC,113.50997,107.0,-6.509971618652344,114.34848,113.0,-1.348480224609375,0
MEM,MIA,112.00212,125.0,12.997879028320312,102.72993,91.0,-11.72992706298828,1
SAS,NOP,112.05356,119.0,6.946441650390625,116.13376,115.0,-1.133758544921875,1
HOU,CHI,114.00206,117.0,2.9979400634765625,104.458405,114.0,9.541595458984377,1
BKN,BOS,103.73133,113.0,9.268669128417969,108.72132,115.0,6.278678894042969,0
GSW,NYK,116.162506,97.0,-19.162506103515625,103.336975,94.0,-9.33697509765625,1
DEN,WAS,118.10888,123.0,4.891120910644531,109.01904,126.0,16.98095703125,0
POR,TOR,111.2122,105.0,-6.212196350097656,111.88287,102.0,-9.88287353515625,1
DAL,PHI,108.20346,125.0,16.796539306640625,114.49837,130.0,15.501632690429688,0
CLE,ORL,109.55878,103.0,-6.55877685546875,101.3169,108.0,6.683097839355469,0
LAC,CHA,118.17164,123.0,4.828361511230469,106.19971,88.0,-18.19970703125,1
LAL,PHX,111.96869,107.0,-4.96868896484375,107.60214,96.0,-11.602142333984377,1
MIL,OKC,115.60799,105.0,-10.607986450195312,112.03806,121.0,8.961936950683594,0
UTA,CHI,113.729225,97.0,-16.729225158691406,111.77772,111.0,-0.7777175903320312,0
GSW,DEN,116.354256,105.0,-11.354255676269531,108.750565,114.0,5.249435424804688,0
NOP,DET,110.975464,81.0,-29.9754638671875,111.48649,127.0,15.513511657714844,0
PHX,TOR,109.85115,129.0,19.148849487304688,111.643906,89.0,-22.64390563964844,1
LAL,SAS,115.09085,125.0,9.909149169921877,108.468216,109.0,0.5317840576171875,1
NYK,MIA,104.94232,116.0,11.05767822265625,104.315544,95.0,-9.315544128417969,1
POR,WAS,117.102554,112.0,-5.102554321289063,112.62083,97.0,-15.620826721191406,1
HOU,PHI,111.494576,144.0,32.50542449951172,109.5999,137.0,27.40010070800781,1
MIN,IND,112.91771,130.0,17.082290649414062,108.97305,132.0,23.02694702148437,0
BOS,BKN,115.3933,104.0,-11.393302917480469,109.9514,96.0,-13.951400756835938,1
LAC,CLE,111.47586,132.0,20.524139404296875,111.35022,119.0,7.6497802734375,1
GSW,MIL,116.4057,104.0,-12.40570068359375,112.73425,93.0,-19.7342529296875,1
CHA,ATL,112.079155,102.0,-10.07915496826172,114.54123,134.0,19.458770751953125,0
LAL,DEN,111.69188,120.0,8.308120727539062,108.89965,108.0,-0.8996505737304688,1
MIA,DET,107.86568,113.0,5.134323120117188,104.51844,116.0,11.481559753417969,0
UTA,WAS,116.27473,128.0,11.72527313232422,113.794,112.0,-1.7939987182617188,1
PHX,CHI,115.10776,127.0,11.892242431640623,109.893425,121.0,11.106575012207031,1
SAS,NYK,110.057724,120.0,9.942276000976562,112.88664,105.0,-7.886642456054687,1
SAC,CLE,114.24651,123.0,8.753486633300781,112.753174,119.0,6.246826171875,1
ORL,HOU,107.25473,108.0,0.745269775390625,110.69462,116.0,5.305381774902344,0
IND,DAL,115.77917,135.0,19.22083282470703,118.96531,131.0,12.034690856933594,1
OKC,PHI,118.78364,133.0,14.21636199951172,112.809425,100.0,-12.809425354003906,1
SAC,CHI,114.0795,116.0,1.920501708984375,114.46403,128.0,13.535972595214844,0
GSW,TOR,111.39175,117.0,5.608253479003906,108.123726,114.0,5.876274108886719,1
LAL,MIL,110.85926,89.0,-21.85926055908203,110.61188,118.0,7.38812255859375,0
CHA,NYK,103.488655,115.0,11.511344909667969,108.72065,98.0,-10.72064971923828,1
POR,DEN,113.927284,128.0,14.072715759277344,111.55908,109.0,-2.55908203125,1
DAL,DET,108.4962,123.0,14.503799438476562,111.78422,117.0,5.215782165527344,1
SAS,PHI,113.16167,128.0,14.838333129882812,118.96179,120.0,1.0382080078125,1
PHX,CLE,113.4768,123.0,9.523200988769531,110.501175,112.0,1.4988250732421875,1
UTA,BOS,109.31336,99.0,-10.313362121582031,111.40513,121.0,9.594871520996094,0
OKC,CHA,124.678856,141.0,16.321144104003906,108.01613,106.0,-2.0161285400390625,1
LAC,MEM,116.302505,128.0,11.697494506835938,112.26337,108.0,-4.26336669921875,1
MIN,NOP,113.74436,134.0,20.255638122558597,108.86985,93.0,-15.869850158691406,1
MIA,HOU,108.15012,98.0,-10.150123596191406,109.51992,102.0,-7.519920349121094,0
LAL,CHI,111.314804,115.0,3.6851959228515625,109.221924,146.0,36.778076171875,0
SAC,MIL,114.47238,108.0,-6.472381591796875,119.95281,114.0,-5.952812194824219,0
ATL,GSW,115.608315,124.0,8.391685485839844,119.33296,115.0,-4.3329620361328125,1
IND,BKN,115.322235,108.0,-7.322235107421875,114.77561,103.0,-11.775611877441406,1
NYK,WAS,111.395515,122.0,10.604484558105469,105.99052,103.0,-2.990516662597656,1
UTA,CLE,114.43881,91.0,-23.43881225585937,108.81515,120.0,11.184852600097656,0
ATL,PHI,116.37484,132.0,15.625160217285156,117.82538,119.0,1.17462158203125,1
DET,NOP,115.2859,136.0,20.71410369873047,105.502914,130.0,24.497085571289062,1
TOR,SAS,115.07406,89.0,-26.074058532714844,109.46197,123.0,13.53803253173828,0
HOU,DEN,114.06878,111.0,-3.0687789916992188,104.00552,116.0,11.994476318359377,0
LAC,OKC,110.00809,101.0,-9.008087158203123,108.94318,103.0,-5.94317626953125,0
POR,BOS,109.55246,116.0,6.447540283203125,113.5444,129.0,15.455596923828123,0
IND,MIN,115.47472,119.0,3.5252838134765625,120.688965,103.0,-17.68896484375,1
NOP,PHI,109.712265,112.0,2.2877349853515625,114.76067,99.0,-15.76067352294922,1
ORL,LAL,115.1195,118.0,2.8805007934570312,112.19043,106.0,-6.1904296875,1
BKN,DAL,109.57226,101.0,-8.572257995605469,109.35763,120.0,10.642372131347656,0
WAS,TOR,112.3618,104.0,-8.361801147460938,113.81701,112.0,-1.8170089721679688,0
DEN,CHI,115.98207,119.0,3.017929077148437,108.04054,129.0,20.959457397460938,0
SAC,BOS,107.131134,95.0,-12.131134033203123,116.326965,113.0,-3.32696533203125,0
PHX,MIL,111.03554,108.0,-3.0355377197265625,112.346695,106.0,-6.346694946289063,1
SAC,OKC,107.09646,105.0,-2.0964584350585938,118.543274,121.0,2.45672607421875,0
DET,SAS,118.104546,122.0,3.895454406738281,113.61194,96.0,-17.6119384765625,1
NYK,DAL,110.73943,128.0,17.26056671142578,111.70535,113.0,1.294647216796875,1
MIA,GSW,105.368835,112.0,6.63116455078125,107.24276,86.0,-21.242759704589844,1
POR,CLE,112.36834,111.0,-1.3683395385742188,110.1507,122.0,11.84929656982422,0
CHA,ORL,105.238785,104.0,-1.2387847900390625,106.49281,111.0,4.5071868896484375,0
HOU,ATL,118.93491,121.0,2.0650863647460938,110.22889,114.0,3.7711105346679688,1
UTA,MEM,112.55839,103.0,-9.558387756347656,111.37268,140.0,28.6273193359375,0
PHI,WAS,119.18817,114.0,-5.18817138671875,109.7892,119.0,9.210800170898438,0
PHX,BOS,108.45854,102.0,-6.458541870117188,109.79087,132.0,22.209129333496094,0
NYK,LAC,104.49263,113.0,8.507369995117188,109.10621,126.0,16.89379119873047,0
DEN,MIL,113.0683,127.0,13.93170166015625,116.16871,117.0,0.8312911987304688,1
IND,LAL,116.52671,119.0,2.4732894897460938,114.57701,120.0,5.4229888916015625,0
WAS,IND,117.1688,109.0,-8.168800354003906,119.92936,162.0,42.07064056396485,0
CLE,SAS,113.934296,124.0,10.065704345703123,113.1403,116.0,2.859703063964844,1
ORL,DAL,110.398476,92.0,-18.398475646972656,114.68404,101.0,-13.684036254882812,0
UTA,HOU,106.830826,110.0,3.169174194335937,110.46551,121.0,10.53449249267578,0
SAC,POR,113.10583,128.0,14.894172668457031,113.32896,107.0,-6.328956604003906,1
CHI,LAL,115.555244,119.0,3.4447555541992188,110.80208,117.0,6.197921752929688,1
MIA,ATL,110.04046,122.0,11.95954132080078,108.97154,112.0,3.0284576416015625,1
DET,CLE,110.59632,133.0,22.40367889404297,106.785095,122.0,15.21490478515625,1
MIL,NYK,110.592476,107.0,-3.592475891113281,106.00694,116.0,9.993057250976562,0
NOP,GSW,108.10393,95.0,-13.103927612304688,112.30979,111.0,-1.3097915649414062,0
BKN,LAC,106.7206,100.0,-6.7205963134765625,108.7205,132.0,23.279502868652344,0
DEN,UTA,118.638054,129.0,10.361946105957031,107.49414,93.0,-14.494140625,1
MIN,PHX,113.16323,124.0,10.836769104003906,111.084045,109.0,-2.08404541015625,1
OKC,IND,118.95635,132.0,13.04364776611328,111.63613,111.0,-0.6361312866210938,1
WAS,BKN,112.99225,112.0,-0.99224853515625,112.778984,115.0,2.221015930175781,0
SAS,BOS,107.15587,111.0,3.8441314697265625,115.96985,121.0,5.0301513671875,0
CHI,DAL,115.36244,119.0,3.6375579833984375,112.97598,120.0,7.024017333984375,0
ORL,SAC,111.15049,121.0,9.849510192871094,108.70209,91.0,-17.70208740234375,1
MEM,LAL,116.275,127.0,10.724998474121094,111.98316,134.0,22.01683807373047,0
PHI,MIA,109.1137,95.0,-14.11370086669922,102.61521,118.0,15.384788513183594,0
NYK,POR,113.92403,110.0,-3.924026489257813,104.76858,93.0,-11.768577575683594,1
MIN,DET,112.424774,123.0,10.575225830078123,106.91588,104.0,-2.915878295898437,1
NOP,CHA,111.77638,98.0,-13.776382446289062,110.29366,94.0,-16.293663024902344,1
SAS,GSW,110.35911,106.0,-4.359107971191406,113.51592,148.0,34.48407745361328,0
MIL,ATL,119.06559,124.0,4.934410095214844,112.44043,145.0,32.5595703125,0
CLE,LAC,110.62348,127.0,16.37651824951172,112.50634,122.0,9.493659973144531,1
PHI,TOR,109.59128,109.0,-0.591278076171875,107.23453,127.0,19.76547241210937,0
PHX,HOU,111.22959,109.0,-2.2295913696289062,110.68142,148.0,37.318580627441406,0
CHA,UTA,111.1304,110.0,-1.130401611328125,109.30773,106.0,-3.3077316284179688,1
OKC,CHI,115.90622,145.0,29.093780517578125,111.582756,117.0,5.417243957519531,1
WAS,MIA,106.71688,94.0,-12.716880798339844,107.708046,120.0,12.291954040527344,0
DAL,BKN,114.9812,109.0,-5.981201171875,114.82373,113.0,-1.82373046875,0
ORL,LAC,103.2918,87.0,-16.29180145263672,104.65009,96.0,-8.650093078613281,0
MEM,BOS,109.91213,103.0,-6.912132263183594,110.34627,117.0,6.653732299804688,0
IND,SAC,114.221725,111.0,-3.2217254638671875,112.14941,109.0,-3.1494064331054688,1
MEM,GSW,114.98032,125.0,10.019676208496094,110.91864,134.0,23.08135986328125,0
SAS,ORL,108.30366,105.0,-3.303657531738281,108.36291,116.0,7.637092590332031,0
MIL,PHX,118.16324,133.0,14.836761474609377,112.581314,123.0,10.418685913085938,1
DEN,MIN,116.92919,139.0,22.07080841064453,112.33737,140.0,27.662628173828125,0
CHI,TOR,108.08043,137.0,28.91957092285156,109.15455,118.0,8.845451354980469,1
ATL,POR,118.79554,113.0,-5.795539855957031,114.82083,127.0,12.179168701171877,0
NYK,PHI,109.19151,105.0,-4.1915130615234375,109.42241,91.0,-18.422409057617188,1
DAL,ATL,118.811966,120.0,1.1880340576171875,119.93611,118.0,-1.9361114501953125,1
CLE,NYK,110.536644,124.0,13.463356018066406,108.983185,105.0,-3.983184814453125,1
BOS,MIA,108.25177,103.0,-5.25177001953125,100.9206,124.0,23.07939910888672,0
HOU,UTA,122.11732,143.0,20.88268280029297,107.75433,105.0,-2.75433349609375,1
WAS,SAC,115.45363,116.0,0.5463714599609375,109.89631,111.0,1.1036911010742188,1
IND,CHA,119.715614,119.0,-0.7156143188476562,113.59314,105.0,-8.5931396484375,1
DEN,SAS,119.16073,106.0,-13.160728454589844,108.8236,113.0,4.176399230957031,0
OKC,DET,118.22191,119.0,0.7780914306640625,105.156715,103.0,-2.1567153930664062,1
LAC,NOP,116.1403,114.0,-2.140296936035156,105.04305,98.0,-7.043052673339844,1
LAL,GSW,108.68095,116.0,7.319053649902344,109.76627,123.0,13.233726501464844,0
PHI,MIL,113.20171,113.0,-0.2017135620117187,113.284164,126.0,12.715835571289062,0
MIA,MEM,108.83362,108.0,-0.8336181640625,110.42459,110.0,-0.424591064453125,0
BKN,MIN,109.381195,90.0,-19.38119506835937,111.119965,105.0,-6.119964599609375,0
WAS,ORL,105.40305,97.0,-8.403053283691406,109.67843,109.0,-0.6784286499023438,0
TOR,POR,113.57044,103.0,-10.570442199707031,109.10693,112.0,2.89306640625,0
LAL,NOP,111.34629,124.0,12.653709411621094,108.659904,108.0,-0.6599044799804688,1
BOS,PHX,116.39016,123.0,6.609840393066406,104.52851,103.0,-1.5285110473632812,1
CHI,POR,113.00206,118.0,4.9979400634765625,108.8401,113.0,4.1598968505859375,1
HOU,OKC,113.99331,125.0,11.006690979003906,110.48047,111.0,0.51953125,1
CHA,SAC,109.004074,102.0,-7.004074096679688,110.34732,125.0,14.652679443359377,0
IND,UTA,119.86339,140.0,20.13661193847656,111.328026,112.0,0.6719741821289062,1
SAS,CLE,114.27026,113.0,-1.270263671875,114.70339,114.0,-0.7033920288085938,0
TOR,DET,112.71237,105.0,-7.712371826171875,109.922775,117.0,7.0772247314453125,0
MIA,MIL,110.13222,115.0,4.8677825927734375,108.73786,121.0,12.26213836669922,0
DET,MEM,114.52184,103.0,-11.521842956542969,112.59129,109.0,-3.591293334960937,0
ATL,NYK,114.27038,105.0,-9.270378112792969,113.006584,121.0,7.993415832519531,0
LAC,DAL,116.29674,135.0,18.70326232910156,113.40599,104.0,-9.405990600585938,1
PHI,MIN,114.63723,109.0,-5.637229919433594,114.771675,114.0,-0.7716751098632812,0
POR,SAS,116.65992,120.0,3.3400802612304688,110.80715,109.0,-1.8071517944335935,1
BOS,WAS,118.31101,124.0,5.688987731933594,105.26342,90.0,-15.263420104980469,1
ATL,UTA,120.21489,147.0,26.78511047363281,114.23829,134.0,19.76171112060547,1
NOP,MIL,111.5469,107.0,-4.546897888183594,117.516266,111.0,-6.516265869140625,0
BKN,TOR,110.78792,109.0,-1.7879180908203125,109.60325,120.0,10.396751403808594,0
CLE,SAC,112.38752,113.0,0.6124801635742188,111.95193,120.0,8.048072814941406,0
NYK,PHX,115.138,112.0,-3.13800048828125,107.5947,98.0,-9.594703674316406,1
DEN,IND,116.15475,120.0,3.845252990722656,111.35691,125.0,13.643089294433594,0
CHA,CHI,106.84631,117.0,10.1536865234375,110.28545,131.0,20.71454620361328,0
MIA,PHI,111.072815,117.0,5.92718505859375,106.21758,105.0,-1.2175827026367188,1
DET,SAC,113.982,117.0,3.0179977416992188,110.473145,127.0,16.52685546875,0
PHX,GSW,111.63017,95.0,-16.630172729492188,112.550446,133.0,20.44955444335937,0
IND,WAS,121.27948,104.0,-17.27947998046875,107.91512,98.0,-9.915122985839844,1
MIL,MIN,118.51762,110.0,-8.517616271972656,116.889496,103.0,-13.889495849609377,1
BKN,NOP,111.539665,119.0,7.460334777832031,108.18205,114.0,5.8179473876953125,1
OKC,LAL,120.08358,136.0,15.916419982910156,114.25294,120.0,5.747062683105469,1
CLE,CHI,111.17111,135.0,23.828887939453125,109.13144,113.0,3.868560791015625,1
LAC,SAS,118.90644,122.0,3.0935592651367188,108.92313,117.0,8.076873779296875,1
ORL,ATL,116.02887,119.0,2.97113037109375,109.493965,112.0,2.5060348510742188,1
CHA,MEM,107.09661,100.0,-7.096611022949219,112.15625,124.0,11.84375,0
SAC,DEN,113.813156,116.0,2.1868438720703125,114.27288,124.0,9.72711944580078,0
PHX,OKC,110.84525,112.0,1.1547470092773438,111.548386,125.0,13.451614379882812,0
DAL,LAL,119.21085,97.0,-22.21085357666016,114.936745,112.0,-2.9367446899414062,0
UTA,POR,114.409134,133.0,18.590866088867188,115.65022,126.0,10.349777221679688,1
TOR,CHA,114.016525,126.0,11.983474731445312,106.08016,96.0,-10.080162048339844,1
WAS,PHI,110.041664,103.0,-7.041664123535156,116.5605,122.0,5.439498901367188,0
CHI,MIA,106.66021,119.0,12.33979034423828,109.89573,111.0,1.1042709350585938,1
MIL,NOP,117.658066,136.0,18.34193420410156,112.57122,111.0,-1.5712203979492188,1
BKN,ATL,113.58875,109.0,-4.588752746582031,113.19631,133.0,19.803688049316406,0
MEM,MIN,118.3412,125.0,6.6587982177734375,111.89477,141.0,29.10523223876953,0
LAL,HOU,115.26968,140.0,24.730323791503903,108.26555,109.0,0.7344512939453125,1
CHI,WAS,115.81848,119.0,3.1815185546875,108.07275,89.0,-19.07274627685547,1
DET,MIL,113.21197,119.0,5.788032531738281,117.85437,125.0,7.1456298828125,0
MIN,BKN,116.1866,117.0,0.8134002685546875,108.16426,91.0,-17.164260864257812,1
PHX,SAS,115.13855,117.0,1.8614501953125,106.07591,98.0,-8.075912475585938,1
POR,GSW,114.23186,86.0,-28.231857299804688,120.15678,103.0,-17.156776428222656,0
UTA,OKC,109.635284,111.0,1.364715576171875,115.738045,145.0,29.26195526123047,0
NYK,CLE,109.353714,102.0,-7.353713989257812,108.16647,108.0,-0.166473388671875,0
PHI,ATL,116.87183,110.0,-6.871833801269531,115.917274,124.0,8.082725524902344,0
IND,ORL,112.48075,115.0,2.519248962402344,105.23642,129.0,23.763580322265625,0
SAC,LAC,111.214005,100.0,-11.214004516601562,117.06437,101.0,-16.064369201660156,0
NOP,MIA,103.93909,104.0,0.0609130859375,109.25052,153.0,43.74948120117188,0
DAL,TOR,107.4451,124.0,16.554901123046875,113.500984,102.0,-11.500984191894531,1
BKN,NYK,104.28481,105.0,0.7151870727539062,106.33997,113.0,6.660026550292969,0
SAS,TOR,110.33427,125.0,14.665733337402344,113.48686,118.0,4.5131378173828125,1
NOP,OKC,112.84628,100.0,-12.846282958984377,115.59233,115.0,-0.5923309326171875,0
ATL,ORL,113.39501,117.0,3.6049880981445312,111.88885,105.0,-6.888847351074219,1
SAC,PHX,117.35886,109.0,-8.358856201171875,109.43446,98.0,-11.434463500976562,1
MIN,UTA,115.99087,116.0,0.0091323852539062,108.30567,105.0,-3.3056716918945312,1
POR,LAL,114.12292,109.0,-5.122917175292969,113.85603,81.0,-32.85603332519531,1
MIL,DET,121.043526,140.0,18.95647430419922,112.614975,133.0,20.385025024414062,1
BOS,CHA,117.173546,93.0,-24.173545837402344,98.88475,86.0,-12.884750366210938,1
MEM,DAL,113.08663,132.0,18.913368225097656,110.85271,97.0,-13.852706909179688,1
MIA,WAS,114.50683,118.0,3.4931716918945312,106.61663,119.0,12.38336944580078,0
PHI,CHI,110.27647,102.0,-8.276466369628906,108.1932,122.0,13.806800842285156,0
OKC,MEM,118.42328,118.0,-0.42327880859375,110.77868,99.0,-11.778678894042969,1
CLE,MIA,110.61436,121.0,10.385643005371094,108.6252,112.0,3.3748016357421875,1
MEM,OKC,107.63791,115.0,7.362091064453125,111.530464,117.0,5.469535827636719,0
ORL,BOS,94.77458,98.0,3.2254180908203125,105.88918,107.0,1.1108169555664062,0
MIN,LAL,109.50316,116.0,6.496841430664063,105.67617,113.0,7.323829650878906,1
MIL,IND,118.174286,103.0,-15.174285888671877,113.7302,129.0,15.269798278808594,0
MIA,CLE,107.35384,83.0,-24.353843688964844,108.585785,138.0,29.414215087890625,0
NYK,DET,112.31584,103.0,-9.315841674804688,105.40758,106.0,0.5924224853515625,0
BOS,ORL,105.54715,120.0,14.452850341796877,96.15632,89.0,-7.156318664550781,1
IND,MIL,117.982796,119.0,1.0172042846679688,112.77759,118.0,5.222412109375,1
LAL,MIN,110.66374,96.0,-14.663742065429688,108.70054,103.0,-5.700538635253906,0
DET,NYK,103.24777,113.0,9.752227783203123,106.76722,116.0,9.232780456542969,0
LAC,DEN,111.76428,111.0,-0.7642822265625,108.4346,105.0,-3.434600830078125,1
GSW,HOU,113.40296,107.0,-6.402961730957031,104.745255,115.0,10.254745483398438,0
DEN,LAC,111.71505,120.0,8.284950256347656,110.57259,101.0,-9.572593688964844,1
HOU,GSW,113.266396,89.0,-24.266395568847656,110.19241,103.0,-7.192413330078125,0
IND,CLE,114.668396,129.0,14.33160400390625,113.53243,109.0,-4.532432556152344,1
GSW,MIN,110.02425,110.0,-0.0242462158203125,105.2161,117.0,11.783897399902344,0
CLE,IND,114.27026,105.0,-9.270263671875,110.20213,114.0,3.7978668212890634,0
BOS,NYK,104.66262,127.0,22.337379455566406,96.0681,102.0,5.931900024414063,1
MIN,GSW,107.275955,121.0,13.724044799804688,101.533226,110.0,8.466773986816406,1
DEN,OKC,105.8813,119.0,13.118698120117188,106.355034,107.0,0.6449661254882812,1
NYK,BOS,97.334,119.0,21.666000366210938,107.78902,81.0,-26.78901672363281,1
OKC,DEN,111.775635,125.0,13.224365234375,105.99835,93.0,-12.99835205078125,1
MIN,OKC,106.410324,126.0,19.589675903320312,106.8935,128.0,21.10649871826172,0
OKC,MIN,115.49613,124.0,8.503868103027344,109.10137,94.0,-15.10137176513672,1
NYK,IND,112.8754,111.0,-1.875396728515625,111.34931,94.0,-17.34931182861328,1
IND,NYK,110.42875,125.0,14.571250915527344,111.499306,108.0,-3.499305725097656,1
IND,OKC,111.404175,108.0,-3.4041748046875,108.23288,91.0,-17.232879638671875,1
