team_abbreviation_home,team_abbreviation_away,lambda_h,lambda_a,win_prob,projected_spread
UTA,TOR,107.53,109.87,0.437,2.3
UTA,PHX,113.61,110.19,0.5903,-3.4
UTA,PHI,111.08,110.57,0.5136,-0.5
UTA,POR,111.1,111.6,0.4867,0.5
UTA,SAS,112.23,110.19,0.5542,-2.0
UTA,BKN,111.08,110.41,0.5179,-0.7
UTA,DAL,110.29,109.75,0.5147,-0.5
UTA,SAC,108.65,112.35,0.4017,3.7
UTA,ATL,111.97,114.39,0.4362,2.4
UTA,CHA,112.65,108.06,0.6215,-4.6
UTA,WAS,112.65,108.06,0.6213,-4.6
UTA,NOP,112.22,110.19,0.5541,-2.0
UTA,CHI,112.08,114.39,0.439,2.3
UTA,MEM,111.1,111.6,0.4867,0.5
UTA,MIA,110.03,112.8,0.4265,2.8
UTA,ORL,106.28,108.05,0.452,1.8
UTA,MIL,110.94,113.8,0.4243,2.9
UTA,LAL,105.36,109.87,0.3791,4.5
UTA,DET,110.23,110.76,0.4859,0.5
UTA,LAC,105.72,111.69,0.3428,6.0
UTA,HOU,105.26,111.89,0.3263,6.6
UTA,CLE,105.26,113.28,0.2937,8.0
UTA,GSW,105.11,106.51,0.4615,1.4
UTA,BOS,104.28,109.96,0.349,5.7
UTA,DEN,107.45,109.87,0.4348,2.4
UTA,MIN,105.18,109.71,0.3788,4.5
UTA,NYK,106.47,109.87,0.4086,3.4
UTA,OKC,105.17,111.9,0.3238,6.7
UTA,IND,107.57,112.59,0.3674,5.0
TOR,UTA,117.06,108.79,0.709,-8.3
TOR,PHX,117.55,108.1,0.7354,-9.5
TOR,PHI,114.8,108.34,0.6673,-6.5
TOR,POR,114.82,109.08,0.6493,-5.7
TOR,SAS,116.43,108.54,0.7004,-7.9
TOR,BKN,114.8,108.45,0.6646,-6.4
TOR,DAL,112.92,108.51,0.6165,-4.4
TOR,SAC,111.68,110.06,0.5432,-1.6
TOR,ATL,116.16,111.36,0.6248,-4.8
TOR,CHA,116.87,107.03,0.7446,-9.8
TOR,WAS,116.87,107.03,0.7444,-9.8
TOR,NOP,116.42,108.1,0.7106,-8.3
TOR,CHI,116.27,111.36,0.6276,-4.9
TOR,MEM,114.82,109.95,0.6274,-4.9
TOR,MIA,113.09,110.54,0.5679,-2.6
TOR,ORL,109.53,106.88,0.5716,-2.7
TOR,MIL,114.66,110.88,0.5993,-3.8
TOR,LAL,108.95,107.87,0.5293,-1.1
TOR,DET,113.3,109.92,0.5893,-3.4
TOR,LAC,108.95,109.61,0.4822,0.7
TOR,HOU,108.75,109.66,0.4756,0.9
TOR,CLE,108.63,111.0,0.4366,2.4
TOR,GSW,108.35,106.16,0.5595,-2.2
TOR,BOS,107.47,107.7,0.4937,0.2
TOR,DEN,110.75,107.87,0.5772,-2.9
TOR,MIN,108.55,107.87,0.5186,-0.7
TOR,NYK,110.11,107.87,0.5603,-2.2
TOR,OKC,108.76,109.5,0.48,0.7
TOR,IND,111.72,110.32,0.5372,-1.4
PHX,UTA,110.62,110.71,0.4977,0.1
PHX,TOR,105.99,109.82,0.3971,3.8
PHX,PHI,108.48,110.52,0.4452,2.0
PHX,POR,108.5,111.54,0.4188,3.0
PHX,SAS,109.73,110.14,0.4892,0.4
PHX,BKN,108.48,110.36,0.4496,1.9
PHX,DAL,108.53,109.69,0.4687,1.2
PHX,SAC,107.2,112.29,0.3656,5.1
PHX,ATL,109.48,114.33,0.373,4.8
PHX,CHA,110.15,108.24,0.5515,-1.9
PHX,WAS,110.15,108.24,0.5513,-1.9
PHX,NOP,109.73,110.14,0.489,0.4
PHX,CHI,109.59,114.33,0.3757,4.7
PHX,MEM,108.5,111.54,0.4188,3.0
PHX,MIA,108.27,112.74,0.3818,4.5
PHX,ORL,105.5,108.0,0.432,2.5
PHX,MIL,108.34,113.74,0.3586,5.4
PHX,LAL,104.52,109.82,0.3588,5.3
PHX,DET,108.46,110.7,0.44,2.2
PHX,LAC,104.94,111.64,0.3245,6.7
PHX,HOU,104.43,111.84,0.3072,7.4
PHX,CLE,104.43,113.22,0.2756,8.8
PHX,GSW,104.33,106.51,0.4401,2.2
PHX,BOS,103.51,109.91,0.3308,6.4
PHX,DEN,106.24,109.82,0.4038,3.6
PHX,MIN,104.29,109.65,0.3571,5.4
PHX,NYK,105.63,109.82,0.3878,4.2
PHX,OKC,104.34,111.84,0.3048,7.5
PHX,IND,106.02,112.54,0.3297,6.5
PHI,UTA,111.88,109.82,0.5552,-2.1
PHI,TOR,106.45,109.44,0.4194,3.0
PHI,PHX,111.68,109.08,0.5695,-2.6
PHI,POR,108.97,110.64,0.4551,1.7
PHI,SAS,110.3,109.16,0.5307,-1.1
PHI,BKN,108.95,109.23,0.4925,0.3
PHI,DAL,109.0,109.61,0.4836,0.6
PHI,SAC,107.94,112.0,0.3921,4.1
PHI,ATL,110.05,113.23,0.4158,3.2
PHI,CHA,110.73,107.16,0.5955,-3.6
PHI,WAS,110.72,107.16,0.5953,-3.6
PHI,NOP,110.3,109.08,0.5327,-1.2
PHI,CHI,110.16,113.23,0.4185,3.1
PHI,MEM,108.97,110.64,0.4551,1.7
PHI,MIA,108.74,112.48,0.4008,3.7
PHI,ORL,105.96,107.61,0.4551,1.6
PHI,MIL,108.81,112.52,0.4016,3.7
PHI,LAL,104.98,109.44,0.3804,4.5
PHI,DET,108.93,110.61,0.4548,1.7
PHI,LAC,105.4,111.34,0.3433,5.9
PHI,HOU,104.89,111.15,0.335,6.3
PHI,CLE,104.89,112.74,0.2973,7.9
PHI,GSW,104.78,106.16,0.4624,1.4
PHI,BOS,103.96,108.18,0.386,4.2
PHI,DEN,106.71,109.44,0.4262,2.7
PHI,MIN,104.75,109.44,0.3743,4.7
PHI,NYK,106.1,109.44,0.4099,3.3
PHI,OKC,104.8,111.28,0.3295,6.5
PHI,IND,106.49,112.03,0.3539,5.5
POR,UTA,113.8,109.87,0.6035,-3.9
POR,TOR,108.88,109.5,0.4833,0.6
POR,PHX,114.27,109.14,0.6345,-5.1
POR,PHI,112.02,109.33,0.5718,-2.7
POR,SAS,113.18,109.22,0.6048,-4.0
POR,BKN,112.02,109.28,0.5731,-2.7
POR,DAL,111.23,109.66,0.5421,-1.6
POR,SAC,110.01,112.05,0.4454,2.0
POR,ATL,112.92,113.42,0.4868,0.5
POR,CHA,113.61,107.16,0.668,-6.5
POR,WAS,113.6,107.16,0.6678,-6.4
POR,NOP,113.17,109.14,0.6067,-4.0
POR,CHI,113.03,113.42,0.4897,0.4
POR,MEM,112.05,110.7,0.5359,-1.3
POR,MIA,110.97,112.53,0.4583,1.6
POR,ORL,107.46,107.66,0.4944,0.2
POR,MIL,111.88,112.71,0.4781,0.8
POR,LAL,106.67,109.5,0.4239,2.8
POR,DET,111.16,110.67,0.5132,-0.5
POR,LAC,106.89,111.39,0.3802,4.5
POR,HOU,106.58,111.33,0.3737,4.8
POR,CLE,106.58,112.92,0.3342,6.3
POR,GSW,106.3,106.16,0.504,-0.1
POR,BOS,105.44,108.24,0.424,2.8
POR,DEN,108.8,109.5,0.4811,0.7
POR,MIN,106.5,109.5,0.4192,3.0
POR,NYK,107.81,109.5,0.4543,1.7
POR,OKC,106.48,111.34,0.371,4.9
POR,IND,108.92,112.21,0.4123,3.3
SAS,UTA,111.2,110.95,0.5068,-0.3
SAS,TOR,106.29,110.46,0.3885,4.2
SAS,PHX,111.67,110.38,0.5345,-1.3
SAS,PHI,109.19,110.72,0.4589,1.5
SAS,POR,109.21,111.79,0.4311,2.6
SAS,BKN,109.19,110.55,0.4633,1.4
SAS,DAL,109.14,110.51,0.463,1.4
SAS,SAC,107.51,113.12,0.3527,5.6
SAS,ATL,110.06,114.58,0.3815,4.5
SAS,CHA,110.73,108.52,0.5594,-2.2
SAS,WAS,110.73,108.52,0.5592,-2.2
SAS,NOP,110.3,110.38,0.4981,0.1
SAS,CHI,110.16,114.58,0.3842,4.4
SAS,MEM,109.21,111.79,0.4311,2.6
SAS,MIA,108.88,113.59,0.376,4.7
SAS,ORL,105.68,108.59,0.4213,2.9
SAS,MIL,109.05,113.99,0.3703,4.9
SAS,LAL,104.82,110.46,0.3505,5.6
SAS,DET,109.07,111.53,0.4343,2.5
SAS,LAC,105.13,112.29,0.3136,7.2
SAS,HOU,104.73,112.49,0.2992,7.8
SAS,CLE,104.73,113.88,0.2679,9.2
SAS,GSW,104.51,107.18,0.4272,2.7
SAS,BOS,103.7,110.54,0.3199,6.8
SAS,DEN,106.54,110.46,0.3952,3.9
SAS,MIN,104.59,110.29,0.3487,5.7
SAS,NYK,105.93,110.46,0.3793,4.5
SAS,OKC,104.63,112.49,0.2969,7.9
SAS,IND,106.32,113.37,0.3172,7.1
BKN,UTA,109.63,110.85,0.4671,1.2
BKN,TOR,107.09,110.58,0.4063,3.5
BKN,PHX,110.09,110.28,0.4948,0.2
BKN,PHI,108.85,110.62,0.4524,1.8
BKN,POR,108.78,111.69,0.4224,2.9
BKN,SAS,109.55,110.28,0.4803,0.7
BKN,DAL,108.85,110.41,0.4578,1.6
BKN,SAC,108.43,113.02,0.3787,4.6
BKN,ATL,109.32,113.91,0.3794,4.6
BKN,CHA,109.97,108.42,0.5415,-1.5
BKN,WAS,110.01,108.42,0.5427,-1.6
BKN,NOP,109.59,110.28,0.4815,0.7
BKN,CHI,109.37,113.91,0.3806,4.5
BKN,MEM,108.78,111.69,0.4224,2.9
BKN,MIA,108.59,113.49,0.3711,4.9
BKN,ORL,105.37,108.72,0.4096,3.3
BKN,MIL,108.62,113.33,0.3761,4.7
BKN,LAL,105.54,110.58,0.3659,5.0
BKN,DET,108.78,111.43,0.4291,2.7
BKN,LAC,104.82,112.42,0.303,7.6
BKN,HOU,105.45,112.06,0.327,6.6
BKN,CLE,105.45,113.45,0.2944,8.0
BKN,GSW,104.84,107.31,0.4326,2.5
BKN,BOS,103.61,110.67,0.3146,7.1
BKN,DEN,107.34,110.58,0.4131,3.2
BKN,MIN,104.8,110.42,0.351,5.6
BKN,NYK,106.67,110.58,0.3952,3.9
BKN,OKC,105.36,112.62,0.3112,7.3
BKN,IND,107.12,112.71,0.3531,5.6
DAL,UTA,114.38,109.23,0.6347,-5.1
DAL,TOR,108.34,108.61,0.4928,0.3
DAL,PHX,114.17,108.28,0.6536,-5.9
DAL,PHI,111.63,108.59,0.5811,-3.0
DAL,POR,111.65,109.8,0.5496,-1.9
DAL,SAS,112.78,108.75,0.6066,-4.0
DAL,BKN,111.63,108.54,0.5825,-3.1
DAL,SAC,109.46,111.16,0.4546,1.7
DAL,ATL,112.52,112.47,0.5015,-0.1
DAL,CHA,113.21,106.93,0.664,-6.3
DAL,WAS,113.21,106.93,0.6638,-6.3
DAL,NOP,112.77,108.28,0.6188,-4.5
DAL,CHI,112.63,112.47,0.5044,-0.2
DAL,MEM,111.65,109.8,0.5496,-1.9
DAL,MIA,110.58,111.63,0.4718,1.1
DAL,ORL,107.08,106.93,0.504,-0.1
DAL,MIL,111.49,111.98,0.487,0.5
DAL,LAL,106.14,108.62,0.433,2.5
DAL,DET,110.77,109.77,0.527,-1.0
DAL,LAC,106.51,110.5,0.3933,4.0
DAL,HOU,106.05,110.61,0.3782,4.6
DAL,CLE,106.05,111.96,0.3443,5.9
DAL,GSW,105.89,105.93,0.499,0.0
DAL,BOS,105.06,107.78,0.4261,2.7
DAL,DEN,108.25,108.62,0.4902,0.4
DAL,MIN,105.97,108.62,0.4283,2.6
DAL,NYK,107.27,108.62,0.4635,1.3
DAL,OKC,105.95,110.45,0.38,4.5
DAL,IND,108.37,111.48,0.4169,3.1
SAC,UTA,117.16,109.32,0.6987,-7.8
SAC,TOR,111.51,108.89,0.5699,-2.6
SAC,PHX,117.65,108.37,0.7315,-9.3
SAC,PHI,114.89,108.68,0.661,-6.2
SAC,POR,114.91,109.89,0.6312,-5.0
SAC,SAS,116.52,108.85,0.6954,-7.7
SAC,BKN,114.89,108.63,0.6623,-6.3
SAC,DAL,113.01,109.11,0.6032,-3.9
SAC,ATL,116.25,112.56,0.5964,-3.7
SAC,CHA,116.97,107.02,0.7468,-9.9
SAC,WAS,116.96,107.02,0.7466,-9.9
SAC,NOP,116.51,108.37,0.7065,-8.1
SAC,CHI,116.37,112.56,0.5993,-3.8
SAC,MEM,114.91,109.89,0.6312,-5.0
SAC,MIA,113.18,111.73,0.5387,-1.5
SAC,ORL,109.62,107.22,0.5648,-2.4
SAC,MIL,114.75,112.07,0.5705,-2.7
SAC,LAL,109.04,108.91,0.5036,-0.1
SAC,DET,113.39,109.86,0.5932,-3.5
SAC,LAC,109.04,110.79,0.4529,1.8
SAC,HOU,108.84,110.91,0.4446,2.1
SAC,CLE,108.72,112.26,0.4059,3.5
SAC,GSW,108.44,106.21,0.5604,-2.2
SAC,BOS,107.56,108.07,0.4861,0.5
SAC,DEN,110.84,108.91,0.5518,-1.9
SAC,MIN,108.64,108.91,0.4928,0.3
SAC,NYK,110.2,108.91,0.5347,-1.3
SAC,OKC,108.84,110.74,0.449,1.9
SAC,IND,111.81,111.58,0.5061,-0.2
ATL,UTA,118.39,112.34,0.655,-6.1
ATL,TOR,113.39,112.5,0.5235,-0.9
ATL,PHX,118.89,111.76,0.6807,-7.1
ATL,PHI,116.44,112.28,0.6084,-4.2
ATL,POR,116.46,113.18,0.5856,-3.3
ATL,SAS,117.86,111.76,0.6563,-6.1
ATL,BKN,116.44,112.11,0.6126,-4.3
ATL,DAL,114.78,111.98,0.574,-2.8
ATL,SAC,113.66,114.63,0.4743,1.0
ATL,CHA,118.31,109.99,0.7089,-8.3
ATL,WAS,118.51,109.99,0.7135,-8.5
ATL,NOP,118.06,111.76,0.6613,-6.3
ATL,CHI,119.28,116.01,0.5845,-3.3
ATL,MEM,116.46,113.18,0.5856,-3.3
ATL,MIA,114.96,115.01,0.4986,0.1
ATL,ORL,111.47,111.49,0.4993,0.0
ATL,MIL,116.57,115.42,0.5301,-1.1
ATL,LAL,111.85,112.5,0.4827,0.7
ATL,DET,115.16,112.92,0.5589,-2.2
ATL,LAC,110.88,114.37,0.4081,3.5
ATL,HOU,111.92,114.57,0.43,2.7
ATL,CLE,111.79,115.99,0.3904,4.2
ATL,GSW,111.31,109.99,0.5351,-1.3
ATL,BOS,109.74,112.59,0.4241,2.9
ATL,DEN,112.61,112.5,0.5028,-0.1
ATL,MIN,111.45,112.33,0.4764,0.9
ATL,NYK,111.98,112.5,0.4861,0.5
ATL,OKC,111.65,114.58,0.4229,2.9
ATL,IND,113.97,114.88,0.4758,0.9
CHA,UTA,109.62,111.01,0.4627,1.4
CHA,TOR,106.81,110.86,0.3919,4.0
CHA,PHX,110.08,110.43,0.4904,0.4
CHA,PHI,108.84,110.77,0.448,1.9
CHA,POR,108.77,111.84,0.4181,3.1
CHA,SAS,109.54,110.43,0.4759,0.9
CHA,BKN,108.84,110.61,0.4523,1.8
CHA,DAL,108.84,110.57,0.4534,1.7
CHA,SAC,108.15,113.18,0.3675,5.0
CHA,ATL,109.31,114.07,0.3752,4.8
CHA,WAS,110.0,108.58,0.5384,-1.4
CHA,NOP,109.58,110.43,0.4771,0.9
CHA,CHI,109.36,114.07,0.3763,4.7
CHA,MEM,108.77,111.84,0.4181,3.1
CHA,MIA,108.58,113.65,0.3669,5.1
CHA,ORL,105.1,108.99,0.3953,3.9
CHA,MIL,108.61,113.48,0.3719,4.9
CHA,LAL,105.27,110.86,0.352,5.6
CHA,DET,108.77,111.59,0.4248,2.8
CHA,LAC,104.55,112.7,0.2901,8.2
CHA,HOU,105.18,112.34,0.3137,7.2
CHA,CLE,105.18,113.73,0.2816,8.6
CHA,GSW,104.57,107.57,0.4182,3.0
CHA,BOS,103.34,110.95,0.3016,7.6
CHA,DEN,107.07,110.86,0.3986,3.8
CHA,MIN,104.53,110.69,0.3373,6.2
CHA,NYK,106.39,110.86,0.3809,4.5
CHA,OKC,105.08,112.9,0.2982,7.8
CHA,IND,106.85,112.87,0.3423,6.0
WAS,UTA,109.62,110.85,0.4669,1.2
WAS,TOR,107.08,110.7,0.403,3.6
WAS,PHX,110.08,110.28,0.4946,0.2
WAS,PHI,108.84,110.62,0.4521,1.8
WAS,POR,108.77,111.69,0.4222,2.9
WAS,SAS,109.54,110.28,0.4801,0.7
WAS,BKN,108.84,110.46,0.4565,1.6
WAS,DAL,108.84,110.41,0.4576,1.6
WAS,SAC,108.42,113.02,0.3785,4.6
WAS,ATL,109.31,113.91,0.3792,4.6
WAS,CHA,109.96,108.42,0.5413,-1.5
WAS,NOP,109.58,110.28,0.4813,0.7
WAS,CHI,109.36,113.91,0.3803,4.6
WAS,MEM,108.77,111.69,0.4222,2.9
WAS,MIA,108.58,113.49,0.3709,4.9
WAS,ORL,105.36,108.83,0.4063,3.5
WAS,MIL,108.61,113.33,0.3759,4.7
WAS,LAL,105.54,110.7,0.3626,5.2
WAS,DET,108.77,111.43,0.4289,2.7
WAS,LAC,104.81,112.54,0.3,7.7
WAS,HOU,105.44,112.18,0.3239,6.7
WAS,CLE,105.44,113.57,0.2914,8.1
WAS,GSW,104.83,107.42,0.4293,2.6
WAS,BOS,103.6,110.79,0.3115,7.2
WAS,DEN,107.33,110.7,0.4098,3.4
WAS,MIN,104.79,110.54,0.3478,5.7
WAS,NYK,106.66,110.7,0.3919,4.0
WAS,OKC,105.35,112.75,0.3082,7.4
WAS,IND,107.11,112.71,0.3529,5.6
NOP,UTA,110.62,110.79,0.4953,0.2
NOP,TOR,106.25,110.3,0.3916,4.0
NOP,PHX,111.08,110.22,0.5231,-0.9
NOP,PHI,108.48,110.56,0.4441,2.1
NOP,POR,108.5,111.63,0.4165,3.1
NOP,SAS,109.73,110.22,0.4869,0.5
NOP,BKN,108.48,110.4,0.4484,1.9
NOP,DAL,108.53,110.36,0.4508,1.8
NOP,SAC,107.47,112.97,0.3557,5.5
NOP,ATL,109.48,114.42,0.3708,4.9
NOP,CHA,110.15,108.37,0.5481,-1.8
NOP,WAS,110.15,108.37,0.5479,-1.8
NOP,CHI,109.59,114.42,0.3735,4.8
NOP,MEM,108.5,111.63,0.4165,3.1
NOP,MIA,108.27,113.43,0.3645,5.2
NOP,ORL,105.76,108.44,0.4274,2.7
NOP,MIL,108.34,113.83,0.3563,5.5
NOP,LAL,104.79,110.3,0.3534,5.5
NOP,DET,108.46,111.37,0.4222,2.9
NOP,LAC,105.2,112.13,0.3192,6.9
NOP,HOU,104.69,112.33,0.3021,7.6
NOP,CLE,104.69,113.72,0.2706,9.0
NOP,GSW,104.59,107.03,0.4333,2.4
NOP,BOS,103.77,110.39,0.3255,6.6
NOP,DEN,106.51,110.3,0.3983,3.8
NOP,MIN,104.55,110.13,0.3517,5.6
NOP,NYK,105.9,110.3,0.3823,4.4
NOP,OKC,104.6,112.34,0.2997,7.7
NOP,IND,106.29,113.21,0.3201,6.9
CHI,UTA,118.39,112.18,0.6588,-6.2
CHI,TOR,113.39,112.35,0.5277,-1.0
CHI,PHX,118.89,111.6,0.6845,-7.3
CHI,PHI,116.44,112.12,0.6124,-4.3
CHI,POR,116.46,113.03,0.5897,-3.4
CHI,SAS,117.86,111.6,0.6602,-6.3
CHI,BKN,116.44,111.96,0.6166,-4.5
CHI,DAL,114.78,111.82,0.5781,-3.0
CHI,SAC,113.66,114.47,0.4785,0.8
CHI,ATL,119.17,115.85,0.5857,-3.3
CHI,CHA,118.31,109.84,0.7124,-8.5
CHI,WAS,118.51,109.84,0.717,-8.7
CHI,NOP,118.06,111.6,0.6651,-6.5
CHI,MEM,116.46,113.03,0.5897,-3.4
CHI,MIA,114.96,114.85,0.5029,-0.1
CHI,ORL,111.47,111.34,0.5035,-0.1
CHI,MIL,116.57,115.26,0.5343,-1.3
CHI,LAL,111.85,112.35,0.4869,0.5
CHI,DET,115.16,112.77,0.563,-2.4
CHI,LAC,110.88,114.21,0.4122,3.3
CHI,HOU,111.92,114.41,0.4342,2.5
CHI,CLE,111.79,115.83,0.3945,4.0
CHI,GSW,111.31,109.84,0.5393,-1.5
CHI,BOS,109.74,112.44,0.4282,2.7
CHI,DEN,112.61,112.35,0.507,-0.3
CHI,MIN,111.45,112.18,0.4806,0.7
CHI,NYK,111.98,112.35,0.4903,0.4
CHI,OKC,111.65,114.42,0.427,2.8
CHI,IND,113.97,114.72,0.48,0.8
MEM,UTA,113.8,109.87,0.6035,-3.9
MEM,TOR,108.88,109.5,0.4833,0.6
MEM,PHX,114.27,109.14,0.6345,-5.1
MEM,PHI,112.02,109.33,0.5718,-2.7
MEM,POR,112.05,110.7,0.5359,-1.3
MEM,SAS,113.18,109.22,0.6048,-4.0
MEM,BKN,112.02,109.28,0.5731,-2.7
MEM,DAL,111.23,109.66,0.5421,-1.6
MEM,SAC,110.01,112.05,0.4454,2.0
MEM,ATL,112.92,113.42,0.4868,0.5
MEM,CHA,113.61,107.16,0.668,-6.5
MEM,WAS,113.6,107.16,0.6678,-6.4
MEM,NOP,113.17,109.14,0.6067,-4.0
MEM,CHI,113.03,113.42,0.4897,0.4
MEM,MIA,110.97,112.53,0.4583,1.6
MEM,ORL,107.46,107.66,0.4944,0.2
MEM,MIL,111.88,112.71,0.4781,0.8
MEM,LAL,106.67,109.5,0.4239,2.8
MEM,DET,111.16,110.67,0.5132,-0.5
MEM,LAC,106.89,111.39,0.3802,4.5
MEM,HOU,106.58,111.33,0.3737,4.8
MEM,CLE,106.58,112.92,0.3342,6.3
MEM,GSW,106.3,106.16,0.504,-0.1
MEM,BOS,105.44,108.24,0.424,2.8
MEM,DEN,108.8,109.5,0.4811,0.7
MEM,MIN,106.5,109.5,0.4192,3.0
MEM,NYK,107.81,109.5,0.4543,1.7
MEM,OKC,106.48,111.34,0.371,4.9
MEM,IND,108.92,112.21,0.4123,3.3
MIA,UTA,118.33,109.54,0.7198,-8.8
MIA,TOR,112.68,109.41,0.587,-3.3
MIA,PHX,118.83,108.81,0.7467,-10.0
MIA,PHI,116.05,109.01,0.6805,-7.0
MIA,POR,116.07,110.37,0.6475,-5.7
MIA,SAS,117.69,108.89,0.7206,-8.8
MIA,BKN,116.05,108.96,0.6817,-7.1
MIA,DAL,114.15,109.33,0.6262,-4.8
MIA,SAC,112.95,111.97,0.526,-1.0
MIA,ATL,117.7,113.57,0.607,-4.1
MIA,CHA,118.14,107.06,0.7698,-11.1
MIA,WAS,118.13,107.06,0.7696,-11.1
MIA,NOP,117.68,108.81,0.7223,-8.9
MIA,CHI,117.81,113.57,0.6098,-4.2
MIA,MEM,116.07,110.37,0.6475,-5.7
MIA,ORL,109.8,107.57,0.5599,-2.2
MIA,MIL,116.17,112.84,0.5871,-3.3
MIA,LAL,110.21,109.41,0.5216,-0.8
MIA,DET,114.52,110.34,0.6099,-4.2
MIA,LAC,109.22,111.55,0.4376,2.3
MIA,HOU,110.28,111.71,0.4616,1.4
MIA,CLE,110.15,113.31,0.4164,3.2
MIA,GSW,109.67,106.29,0.591,-3.4
MIA,BOS,108.13,108.15,0.4995,0.0
MIA,DEN,112.0,109.41,0.5693,-2.6
MIA,MIN,109.81,109.41,0.5109,-0.4
MIA,NYK,111.38,109.41,0.5529,-2.0
MIA,OKC,110.01,111.5,0.4603,1.5
MIA,IND,113.25,112.35,0.524,-0.9
ORL,UTA,110.32,105.17,0.6371,-5.1
ORL,TOR,106.57,104.54,0.5557,-2.0
ORL,PHX,110.12,104.65,0.6456,-5.5
ORL,PHI,108.48,104.82,0.5988,-3.7
ORL,POR,108.41,104.72,0.5998,-3.7
ORL,SAS,109.21,104.8,0.6184,-4.4
ORL,BKN,108.48,105.05,0.5927,-3.4
ORL,DAL,108.48,104.74,0.6011,-3.7
ORL,SAC,108.06,106.18,0.5511,-1.9
ORL,ATL,108.87,107.13,0.5473,-1.7
ORL,CHA,109.63,104.03,0.6492,-5.6
ORL,WAS,109.62,104.03,0.649,-5.6
ORL,NOP,109.2,104.45,0.6275,-4.8
ORL,CHI,108.98,106.92,0.5557,-2.1
ORL,MEM,108.41,105.71,0.5733,-2.7
ORL,MIA,108.22,106.54,0.5456,-1.7
ORL,MIL,108.26,106.27,0.5539,-2.0
ORL,LAL,105.04,103.68,0.5374,-1.4
ORL,DET,108.41,105.71,0.5733,-2.7
ORL,LAC,104.99,105.44,0.4876,0.4
ORL,HOU,104.94,104.96,0.4994,0.0
ORL,CLE,104.94,106.29,0.463,1.3
ORL,GSW,104.33,102.76,0.5436,-1.6
ORL,BOS,103.77,103.52,0.5069,-0.2
ORL,DEN,106.83,103.68,0.5858,-3.1
ORL,MIN,104.3,103.68,0.5171,-0.6
ORL,NYK,106.15,103.68,0.5677,-2.5
ORL,OKC,104.85,105.23,0.4894,0.4
ORL,IND,106.61,105.91,0.5192,-0.7
MIL,UTA,118.1,109.63,0.7128,-8.5
MIL,TOR,112.93,109.67,0.5865,-3.3
MIL,PHX,118.6,108.89,0.7401,-9.7
MIL,PHI,115.87,109.09,0.6743,-6.8
MIL,POR,115.89,110.45,0.6411,-5.4
MIL,SAS,117.46,108.97,0.7137,-8.5
MIL,BKN,115.87,109.04,0.6755,-6.8
MIL,DAL,114.22,109.42,0.626,-4.8
MIL,SAC,113.2,111.96,0.5328,-1.2
MIL,ATL,118.77,113.56,0.6337,-5.2
MIL,CHA,117.91,107.15,0.7635,-10.8
MIL,WAS,118.12,107.15,0.7676,-11.0
MIL,NOP,117.67,108.89,0.72,-8.8
MIL,CHI,118.88,113.56,0.6364,-5.3
MIL,MEM,115.89,110.45,0.6411,-5.4
MIL,MIA,114.39,112.44,0.5516,-2.0
MIL,ORL,111.12,107.83,0.5878,-3.3
MIL,LAL,111.5,109.67,0.549,-1.8
MIL,DET,114.6,110.42,0.6096,-4.2
MIL,LAC,110.53,111.73,0.468,1.2
MIL,HOU,111.57,111.89,0.4914,0.3
MIL,CLE,111.44,113.49,0.4457,2.0
MIL,GSW,110.96,106.55,0.6175,-4.4
MIL,BOS,109.39,108.41,0.5265,-1.0
MIL,DEN,112.25,109.67,0.5688,-2.6
MIL,MIN,111.09,109.67,0.5382,-1.4
MIL,NYK,111.63,109.67,0.5524,-2.0
MIL,OKC,111.3,111.67,0.4901,0.4
MIL,IND,113.51,112.34,0.5308,-1.2
LAL,UTA,113.7,108.78,0.6293,-4.9
LAL,TOR,108.79,108.55,0.5065,-0.2
LAL,PHX,114.18,108.09,0.6586,-6.1
LAL,PHI,111.93,108.38,0.5945,-3.5
LAL,POR,111.96,108.95,0.5802,-3.0
LAL,SAS,113.09,108.53,0.6202,-4.6
LAL,BKN,111.93,108.49,0.5916,-3.4
LAL,DAL,111.14,108.51,0.5705,-2.6
LAL,SAC,109.92,109.92,0.4999,0.0
LAL,ATL,112.83,111.07,0.5467,-1.8
LAL,CHA,113.52,107.1,0.6671,-6.4
LAL,WAS,113.51,107.1,0.6669,-6.4
LAL,NOP,113.08,108.09,0.6314,-5.0
LAL,CHI,112.94,111.07,0.5495,-1.9
LAL,MEM,111.96,109.81,0.5572,-2.1
LAL,MIA,110.88,110.4,0.5129,-0.5
LAL,ORL,107.37,106.6,0.5211,-0.8
LAL,MIL,111.79,110.59,0.5321,-1.2
LAL,DET,111.08,109.78,0.5347,-1.3
LAL,LAC,106.8,109.14,0.4368,2.3
LAL,HOU,106.49,109.19,0.4271,2.7
LAL,CLE,106.49,110.38,0.396,3.9
LAL,GSW,106.22,105.91,0.5084,-0.3
LAL,BOS,105.35,107.36,0.4451,2.0
LAL,DEN,108.71,107.4,0.5354,-1.3
LAL,MIN,106.41,107.4,0.473,1.0
LAL,NYK,107.72,107.4,0.5086,-0.3
LAL,OKC,106.4,109.03,0.429,2.6
LAL,IND,108.83,110.18,0.4635,1.4
DET,UTA,113.8,109.45,0.6144,-4.3
DET,TOR,108.88,109.08,0.4947,0.2
DET,PHX,114.27,108.72,0.6451,-5.6
DET,PHI,112.02,108.92,0.5828,-3.1
DET,POR,112.05,110.28,0.5472,-1.8
DET,SAS,113.18,108.8,0.6156,-4.4
DET,BKN,112.02,108.86,0.5842,-3.2
DET,DAL,111.23,109.24,0.5533,-2.0
DET,SAC,110.01,111.87,0.4501,1.9
DET,ATL,112.92,113.47,0.4853,0.6
DET,CHA,113.61,106.97,0.6726,-6.6
DET,WAS,113.6,106.97,0.6724,-6.6
DET,NOP,113.17,108.72,0.6175,-4.5
DET,CHI,113.03,113.47,0.4882,0.4
DET,MEM,112.05,110.28,0.5472,-1.8
DET,MIA,110.97,112.35,0.463,1.4
DET,ORL,107.46,107.25,0.5056,-0.2
DET,MIL,111.88,112.75,0.477,0.9
DET,LAL,106.67,109.08,0.435,2.4
DET,LAC,106.89,111.22,0.3848,4.3
DET,HOU,106.58,111.38,0.3726,4.8
DET,CLE,106.58,112.97,0.3331,6.4
DET,GSW,106.3,105.97,0.5091,-0.3
DET,BOS,105.44,107.82,0.435,2.4
DET,DEN,108.8,109.08,0.4924,0.3
DET,MIN,106.5,109.08,0.4303,2.6
DET,NYK,107.81,109.08,0.4656,1.3
DET,OKC,106.48,111.16,0.3756,4.7
DET,IND,108.92,112.25,0.4112,3.3
LAC,UTA,117.05,107.22,0.7443,-9.8
LAC,TOR,111.43,106.75,0.6242,-4.7
LAC,PHX,117.54,106.68,0.7658,-10.9
LAC,PHI,114.81,106.86,0.7033,-7.9
LAC,POR,114.83,106.76,0.7061,-8.1
LAC,SAS,116.42,106.84,0.7392,-9.6
LAC,BKN,114.81,107.09,0.6977,-7.7
LAC,DAL,112.93,106.77,0.6611,-6.2
LAC,SAC,111.69,108.25,0.5918,-3.4
LAC,ATL,116.15,109.68,0.6665,-6.5
LAC,CHA,116.86,106.05,0.7655,-10.8
LAC,WAS,116.85,106.05,0.7654,-10.8
LAC,NOP,116.41,106.48,0.747,-9.9
LAC,CHI,116.26,109.47,0.6743,-6.8
LAC,MEM,114.83,107.77,0.6821,-7.1
LAC,MIA,113.1,108.71,0.616,-4.4
LAC,ORL,109.54,105.44,0.6101,-4.1
LAC,MIL,114.66,108.8,0.6525,-5.9
LAC,LAL,108.96,105.88,0.5833,-3.1
LAC,DET,113.3,107.77,0.6452,-5.5
LAC,HOU,108.76,107.65,0.5302,-1.1
LAC,CLE,108.64,109.01,0.49,0.4
LAC,GSW,108.36,104.93,0.5928,-3.4
LAC,BOS,107.48,105.71,0.5482,-1.8
LAC,DEN,110.76,105.88,0.6299,-4.9
LAC,MIN,108.56,105.88,0.5727,-2.7
LAC,NYK,110.11,105.88,0.6135,-4.2
LAC,OKC,108.76,107.55,0.5328,-1.2
LAC,IND,111.73,108.43,0.5878,-3.3
HOU,UTA,118.24,108.88,0.7327,-9.4
HOU,TOR,112.99,109.06,0.6039,-3.9
HOU,PHX,118.73,108.18,0.7582,-10.6
HOU,PHI,115.95,108.48,0.6911,-7.5
HOU,POR,115.97,109.04,0.6781,-6.9
HOU,SAS,117.59,108.63,0.7245,-9.0
HOU,BKN,115.95,108.59,0.6885,-7.4
HOU,DAL,114.28,108.6,0.6481,-5.7
HOU,SAC,113.25,110.02,0.5857,-3.2
HOU,ATL,117.6,111.17,0.6648,-6.4
HOU,CHA,118.04,107.2,0.7651,-10.8
HOU,WAS,118.04,107.2,0.765,-10.8
HOU,NOP,117.59,108.18,0.7343,-9.4
HOU,CHI,117.72,111.17,0.6674,-6.5
HOU,MEM,115.97,109.9,0.6568,-6.1
HOU,MIA,114.45,110.49,0.6041,-4.0
HOU,ORL,110.09,107.09,0.5806,-3.0
HOU,MIL,116.08,110.69,0.6399,-5.4
HOU,LAL,110.51,107.9,0.5699,-2.6
HOU,DET,114.65,109.87,0.6251,-4.8
HOU,LAC,109.51,109.65,0.4962,0.1
HOU,CLE,110.45,110.89,0.4882,0.4
HOU,GSW,109.97,106.4,0.5958,-3.6
HOU,BOS,108.42,107.87,0.5151,-0.6
HOU,DEN,112.31,107.9,0.6166,-4.4
HOU,MIN,110.11,107.9,0.5593,-2.2
HOU,NYK,111.68,107.9,0.6006,-3.8
HOU,OKC,110.31,109.53,0.5209,-0.8
HOU,IND,113.56,110.28,0.5868,-3.3
CLE,UTA,118.22,108.67,0.7372,-9.6
CLE,TOR,112.85,108.95,0.6033,-3.9
CLE,PHX,118.72,107.97,0.7623,-10.7
CLE,PHI,116.01,108.27,0.6974,-7.7
CLE,POR,116.03,108.83,0.6844,-7.2
CLE,SAS,117.58,108.42,0.729,-9.2
CLE,BKN,116.01,108.5,0.6917,-7.5
CLE,DAL,114.36,108.49,0.6528,-5.9
CLE,SAC,113.12,109.91,0.5851,-3.2
CLE,ATL,118.89,110.95,0.6997,-7.9
CLE,CHA,118.03,107.12,0.7666,-10.9
CLE,WAS,118.24,107.12,0.7707,-11.1
CLE,NOP,117.79,107.97,0.7432,-9.8
CLE,CHI,119.01,110.95,0.7023,-8.1
CLE,MEM,116.03,109.69,0.6634,-6.3
CLE,MIA,114.53,110.28,0.6117,-4.3
CLE,ORL,111.04,107.11,0.6048,-3.9
CLE,MIL,116.14,110.47,0.6466,-5.7
CLE,LAL,111.42,107.8,0.5966,-3.6
CLE,DET,114.74,109.66,0.6325,-5.1
CLE,LAC,110.45,109.54,0.5244,-0.9
CLE,HOU,111.48,109.59,0.5507,-1.9
CLE,GSW,110.87,106.42,0.6187,-4.5
CLE,BOS,109.31,107.76,0.5421,-1.6
CLE,DEN,112.17,107.8,0.616,-4.4
CLE,MIN,111.01,107.8,0.5861,-3.2
CLE,NYK,111.55,107.8,0.6,-3.8
CLE,OKC,111.22,109.42,0.5481,-1.8
CLE,IND,113.42,110.17,0.5862,-3.3
GSW,UTA,110.32,108.08,0.5604,-2.2
GSW,TOR,107.14,107.28,0.4961,0.1
GSW,PHX,110.12,107.54,0.5696,-2.6
GSW,PHI,108.9,107.72,0.5321,-1.2
GSW,POR,108.83,107.61,0.5331,-1.2
GSW,SAS,109.58,107.7,0.5509,-1.9
GSW,BKN,108.9,107.95,0.5257,-0.9
GSW,DAL,108.9,107.63,0.5345,-1.3
GSW,SAC,108.48,108.64,0.4957,0.2
GSW,ATL,109.36,109.4,0.4989,0.0
GSW,CHA,110.0,106.7,0.5888,-3.3
GSW,WAS,110.05,106.7,0.59,-3.3
GSW,NOP,109.63,107.33,0.562,-2.3
GSW,CHI,109.4,109.19,0.5057,-0.2
GSW,MEM,108.83,108.16,0.5183,-0.7
GSW,MIA,108.64,109.1,0.4875,0.5
GSW,ORL,105.43,106.42,0.4727,1.0
GSW,MIL,108.68,108.66,0.5005,-0.0
GSW,LAL,105.6,106.86,0.4653,1.3
GSW,DET,108.83,108.16,0.5183,-0.7
GSW,LAC,104.87,108.2,0.4096,3.3
GSW,HOU,105.5,107.65,0.4416,2.1
GSW,CLE,105.5,108.82,0.4104,3.3
GSW,BOS,103.66,106.7,0.417,3.0
GSW,DEN,107.4,106.86,0.5145,-0.5
GSW,MIN,104.85,106.86,0.4451,2.0
GSW,NYK,106.72,106.86,0.496,0.1
GSW,OKC,105.41,108.09,0.4272,2.7
GSW,IND,107.18,108.29,0.4698,1.1
BOS,UTA,112.35,107.53,0.6275,-4.8
BOS,TOR,107.08,106.47,0.5167,-0.6
BOS,PHX,112.15,106.99,0.6362,-5.2
BOS,PHI,109.73,107.06,0.5719,-2.7
BOS,POR,109.75,107.07,0.5721,-2.7
BOS,SAS,110.79,107.15,0.5972,-3.6
BOS,BKN,109.73,106.74,0.5805,-3.0
BOS,DAL,109.68,106.67,0.581,-3.0
BOS,SAC,108.31,108.14,0.5047,-0.2
BOS,ATL,110.65,110.08,0.5153,-0.6
BOS,CHA,111.21,106.19,0.6332,-5.0
BOS,WAS,111.26,106.19,0.6343,-5.1
BOS,NOP,110.83,106.79,0.608,-4.0
BOS,CHI,110.69,109.86,0.5222,-0.8
BOS,MEM,109.75,108.08,0.545,-1.7
BOS,MIA,109.41,108.93,0.513,-0.5
BOS,ORL,106.47,105.07,0.5383,-1.4
BOS,MIL,109.59,109.19,0.5106,-0.4
BOS,LAL,105.6,105.59,0.5002,-0.0
BOS,DET,109.61,108.08,0.5413,-1.5
BOS,LAC,105.91,107.97,0.4441,2.1
BOS,HOU,105.51,107.43,0.4475,1.9
BOS,CLE,105.51,108.79,0.4112,3.3
BOS,GSW,105.29,104.49,0.5221,-0.8
BOS,DEN,107.34,105.59,0.5475,-1.7
BOS,MIN,105.37,105.59,0.4938,0.2
BOS,NYK,106.72,105.59,0.5309,-1.1
BOS,OKC,105.41,107.17,0.4519,1.8
BOS,IND,107.12,108.4,0.4652,1.3
DEN,UTA,113.7,108.69,0.6315,-5.0
DEN,TOR,108.79,108.6,0.5053,-0.2
DEN,PHX,114.18,108.01,0.6606,-6.2
DEN,PHI,111.93,108.25,0.5981,-3.7
DEN,POR,111.96,108.99,0.579,-3.0
DEN,SAS,113.09,108.45,0.6223,-4.6
DEN,BKN,111.93,108.36,0.5953,-3.6
DEN,DAL,111.14,108.42,0.5728,-2.7
DEN,SAC,109.92,109.97,0.4986,0.1
DEN,ATL,112.83,111.27,0.5415,-1.6
DEN,CHA,113.52,106.94,0.6711,-6.6
DEN,WAS,113.51,106.94,0.671,-6.6
DEN,NOP,113.08,108.01,0.6335,-5.1
DEN,CHI,112.94,111.27,0.5444,-1.7
DEN,MEM,111.96,109.86,0.556,-2.1
DEN,MIA,110.88,110.44,0.5117,-0.4
DEN,ORL,107.37,106.59,0.5213,-0.8
DEN,MIL,111.79,110.78,0.5269,-1.0
DEN,LAL,106.59,107.58,0.4729,1.0
DEN,DET,111.08,109.83,0.5335,-1.2
DEN,LAC,106.8,109.32,0.432,2.5
DEN,HOU,106.49,109.37,0.4224,2.9
DEN,CLE,106.49,110.7,0.3875,4.2
DEN,GSW,106.22,105.88,0.5093,-0.3
DEN,BOS,105.35,107.42,0.4437,2.1
DEN,MIN,106.41,107.58,0.4682,1.2
DEN,NYK,107.72,107.58,0.5038,-0.1
DEN,OKC,106.4,109.21,0.4242,2.8
DEN,IND,108.83,110.23,0.4622,1.4
MIN,UTA,113.69,107.82,0.6535,-5.9
MIN,TOR,108.8,106.69,0.5571,-2.1
MIN,PHX,114.17,107.28,0.6783,-6.9
MIN,PHI,111.94,107.46,0.619,-4.5
MIN,POR,111.96,107.36,0.6221,-4.6
MIN,SAS,113.08,107.44,0.6479,-5.6
MIN,BKN,111.94,107.69,0.6128,-4.2
MIN,DAL,111.15,107.37,0.6009,-3.8
MIN,SAC,109.93,108.38,0.5417,-1.5
MIN,ATL,112.82,109.68,0.5832,-3.1
MIN,CHA,113.51,106.64,0.6782,-6.9
MIN,WAS,113.5,106.64,0.6781,-6.9
MIN,NOP,113.07,107.07,0.6569,-6.0
MIN,CHI,112.93,109.47,0.5916,-3.5
MIN,MEM,111.96,107.9,0.608,-4.1
MIN,MIA,110.89,108.84,0.5548,-2.0
MIN,ORL,107.38,105.84,0.542,-1.5
MIN,MIL,111.8,108.94,0.5764,-2.9
MIN,LAL,106.6,106.28,0.5087,-0.3
MIN,DET,111.08,107.9,0.5852,-3.2
MIN,LAC,106.81,107.61,0.4783,0.8
MIN,HOU,106.5,107.59,0.4704,1.1
MIN,CLE,106.5,108.76,0.4389,2.3
MIN,GSW,106.22,105.33,0.5246,-0.9
MIN,BOS,105.36,106.11,0.4795,0.7
MIN,DEN,108.72,106.28,0.5661,-2.4
MIN,NYK,107.73,106.28,0.5395,-1.5
MIN,OKC,106.41,107.49,0.4704,1.1
MIN,IND,108.84,108.57,0.5073,-0.3
NYK,UTA,113.7,108.75,0.6301,-5.0
NYK,TOR,108.79,108.65,0.5038,-0.1
NYK,PHX,114.18,108.06,0.6593,-6.1
NYK,PHI,111.93,108.3,0.5967,-3.6
NYK,POR,111.96,109.05,0.5776,-2.9
NYK,SAS,113.09,108.51,0.6209,-4.6
NYK,BKN,111.93,108.41,0.5938,-3.5
NYK,DAL,111.14,108.48,0.5714,-2.7
NYK,SAC,109.92,110.02,0.4972,0.1
NYK,ATL,112.83,111.32,0.54,-1.5
NYK,CHA,113.52,106.94,0.6711,-6.6
NYK,WAS,113.51,106.94,0.671,-6.6
NYK,NOP,113.08,108.06,0.6321,-5.0
NYK,CHI,112.94,111.32,0.5429,-1.6
NYK,MEM,111.96,109.91,0.5546,-2.0
NYK,MIA,110.88,110.5,0.5102,-0.4
NYK,ORL,107.37,106.64,0.5198,-0.7
NYK,MIL,111.79,110.84,0.5255,-1.0
NYK,LAL,106.59,107.63,0.4715,1.0
NYK,DET,111.08,109.88,0.532,-1.2
NYK,LAC,106.8,109.38,0.4306,2.6
NYK,HOU,106.49,109.42,0.4209,2.9
NYK,CLE,106.49,110.76,0.3861,4.3
NYK,GSW,106.22,105.88,0.5093,-0.3
NYK,BOS,105.35,107.47,0.4423,2.1
NYK,DEN,108.71,107.63,0.5291,-1.1
NYK,MIN,106.41,107.63,0.4667,1.2
NYK,OKC,106.4,109.26,0.4228,2.9
NYK,IND,108.83,110.29,0.4608,1.5
OKC,UTA,118.24,108.88,0.7327,-9.4
OKC,TOR,112.59,108.88,0.5985,-3.7
OKC,PHX,118.73,108.18,0.7582,-10.6
OKC,PHI,115.95,108.48,0.6911,-7.5
OKC,POR,115.97,109.04,0.6781,-6.9
OKC,SAS,117.59,108.63,0.7245,-9.0
OKC,BKN,115.95,108.59,0.6885,-7.4
OKC,DAL,114.06,108.6,0.6426,-5.5
OKC,SAC,112.86,110.02,0.5754,-2.8
OKC,ATL,117.6,111.17,0.6648,-6.4
OKC,CHA,118.04,107.2,0.7651,-10.8
OKC,WAS,118.04,107.2,0.765,-10.8
OKC,NOP,117.59,108.18,0.7343,-9.4
OKC,CHI,117.72,111.17,0.6674,-6.5
OKC,MEM,115.97,109.9,0.6568,-6.1
OKC,MIA,114.23,110.49,0.5984,-3.7
OKC,ORL,109.71,106.92,0.5752,-2.8
OKC,MIL,116.08,110.69,0.6399,-5.4
OKC,LAL,110.12,107.73,0.5644,-2.4
OKC,DET,114.43,109.87,0.6195,-4.6
OKC,LAC,109.13,109.47,0.4908,0.3
OKC,HOU,110.19,109.52,0.518,-0.7
OKC,CLE,110.06,110.71,0.4827,0.6
OKC,GSW,109.58,106.23,0.5904,-3.4
OKC,BOS,108.04,107.69,0.5096,-0.4
OKC,DEN,111.91,107.73,0.6112,-4.2
OKC,MIN,109.72,107.73,0.5538,-2.0
OKC,NYK,111.29,107.73,0.5952,-3.6
OKC,IND,113.16,110.28,0.5765,-2.9
IND,UTA,118.33,108.79,0.7367,-9.5
IND,TOR,112.78,109.1,0.5975,-3.7
IND,PHX,118.83,108.1,0.7618,-10.7
IND,PHI,116.05,108.34,0.6965,-7.7
IND,POR,116.07,109.08,0.6792,-7.0
IND,SAS,117.69,108.54,0.7284,-9.1
IND,BKN,116.05,108.45,0.6939,-7.6
IND,DAL,114.15,108.51,0.6471,-5.6
IND,SAC,113.05,110.06,0.5791,-3.0
IND,ATL,117.7,111.36,0.6623,-6.3
IND,CHA,118.14,107.03,0.7704,-11.1
IND,WAS,118.13,107.03,0.7702,-11.1
IND,NOP,117.68,108.1,0.7381,-9.6
IND,CHI,117.81,111.36,0.665,-6.4
IND,MEM,116.07,109.95,0.6579,-6.1
IND,MIA,114.32,110.54,0.5996,-3.8
IND,ORL,109.89,107.09,0.5755,-2.8
IND,MIL,116.17,110.88,0.6374,-5.3
IND,LAL,110.31,108.08,0.5598,-2.2
IND,DET,114.52,109.92,0.6206,-4.6
IND,LAC,109.31,109.83,0.486,0.5
IND,HOU,110.37,109.88,0.5132,-0.5
IND,CLE,110.25,111.22,0.474,1.0
IND,GSW,109.77,106.37,0.5914,-3.4
IND,BOS,108.22,107.92,0.5083,-0.3
IND,DEN,112.1,108.08,0.6067,-4.0
IND,MIN,109.91,108.08,0.5491,-1.8
IND,NYK,111.48,108.08,0.5906,-3.4
IND,OKC,110.11,109.71,0.5107,-0.4
